expr_id,cond_id,para_nr,word,word_nr,response_true,response_chosen,correctness,first_duration,total_duration,gaze_duration,right_bounded_rt,right_bounded_rt2,go_past_time,FPFix,FPReg
2,1,1,There,0,No,No,1.0,551.0,551.0,551.0,551.0,551.0,551.0,1.0,0.0
2,1,1,are,1,No,No,1.0,0.0,0.0,0.0,0.0,0.0,0.0,0.0,0.0
2,1,1,now,2,No,No,1.0,699.0,699.0,699.0,699.0,699.0,699.0,1.0,0.0
2,1,1,rumblings,3,No,No,1.0,2703.0,2703.0,2703.0,2703.0,2703.0,2703.0,1.0,0.0
2,1,1,that,4,No,No,1.0,0.0,0.0,0.0,0.0,0.0,0.0,0.0,0.0
2,1,1,Apple,5,No,No,1.0,200.0,957.0,200.0,200.0,200.0,200.0,1.0,0.0
2,1,1,might,6,No,No,1.0,594.0,594.0,594.0,594.0,594.0,1351.0,1.0,1.0
2,1,1,soon,7,No,No,1.0,250.0,250.0,250.0,250.0,250.0,250.0,1.0,0.0
2,1,1,invade,8,No,No,1.0,251.0,251.0,251.0,251.0,251.0,251.0,1.0,0.0
2,1,1,the,9,No,No,1.0,0.0,0.0,0.0,0.0,0.0,0.0,0.0,0.0
2,1,1,smart,10,No,No,1.0,250.0,250.0,250.0,250.0,250.0,250.0,1.0,0.0
2,1,1,watch,11,No,No,1.0,350.0,350.0,350.0,350.0,350.0,350.0,1.0,0.0
2,1,1,"space,",12,No,No,1.0,401.0,401.0,401.0,401.0,401.0,401.0,1.0,0.0
2,1,1,though,13,No,No,1.0,499.0,499.0,499.0,499.0,499.0,499.0,1.0,0.0
2,1,1,the,14,No,No,1.0,192.0,192.0,192.0,192.0,192.0,192.0,1.0,0.0
2,1,1,company,15,No,No,1.0,400.0,400.0,400.0,400.0,400.0,400.0,1.0,0.0
2,1,1,is,16,No,No,1.0,0.0,0.0,0.0,0.0,0.0,0.0,0.0,0.0
2,1,1,maintaining,17,No,No,1.0,510.0,510.0,510.0,510.0,510.0,510.0,1.0,0.0
2,1,1,its,18,No,No,1.0,0.0,0.0,0.0,0.0,0.0,0.0,0.0,0.0
2,1,1,customary,19,No,No,1.0,502.0,502.0,502.0,502.0,502.0,502.0,1.0,0.0
2,1,1,silence.,20,No,No,1.0,690.0,690.0,690.0,690.0,690.0,690.0,1.0,0.0
2,1,1,The,21,No,No,1.0,312.0,312.0,312.0,312.0,312.0,312.0,1.0,0.0
2,1,1,watch,22,No,No,1.0,239.0,239.0,239.0,239.0,239.0,239.0,1.0,0.0
2,1,1,doesn't,23,No,No,1.0,304.0,304.0,304.0,304.0,304.0,304.0,1.0,0.0
2,1,1,have,24,No,No,1.0,345.0,345.0,345.0,345.0,345.0,345.0,1.0,0.0
2,1,1,a,25,No,No,1.0,0.0,0.0,0.0,0.0,0.0,0.0,0.0,0.0
2,1,1,microphone,26,No,No,1.0,1002.0,1002.0,1002.0,1002.0,1002.0,1002.0,1.0,0.0
2,1,1,or,27,No,No,1.0,234.0,234.0,0.0,0.0,0.0,0.0,0.0,0.0
2,1,1,"speaker,",28,No,No,1.0,665.0,1065.0,665.0,1065.0,1065.0,1299.0,1.0,1.0
2,1,1,but,29,No,No,1.0,0.0,0.0,0.0,0.0,0.0,0.0,0.0,0.0
2,1,1,you,30,No,No,1.0,0.0,0.0,0.0,0.0,0.0,0.0,0.0,0.0
2,1,1,can,31,No,No,1.0,0.0,0.0,0.0,0.0,0.0,0.0,0.0,0.0
2,1,1,use,32,No,No,1.0,399.0,399.0,399.0,399.0,399.0,399.0,1.0,0.0
2,1,1,it,33,No,No,1.0,0.0,0.0,0.0,0.0,0.0,0.0,0.0,0.0
2,1,1,to,34,No,No,1.0,0.0,0.0,0.0,0.0,0.0,0.0,0.0,0.0
2,1,1,control,35,No,No,1.0,0.0,0.0,0.0,0.0,0.0,0.0,0.0,0.0
2,1,1,the,36,No,No,1.0,249.0,249.0,249.0,249.0,249.0,249.0,1.0,0.0
2,1,1,music,37,No,No,1.0,351.0,351.0,351.0,351.0,351.0,351.0,1.0,0.0
2,1,1,on,38,No,No,1.0,0.0,0.0,0.0,0.0,0.0,0.0,0.0,0.0
2,1,1,your,39,No,No,1.0,0.0,0.0,0.0,0.0,0.0,0.0,0.0,0.0
2,1,1,phone.,40,No,No,1.0,251.0,251.0,251.0,251.0,251.0,251.0,1.0,0.0
2,1,1,You,41,No,No,1.0,500.0,500.0,500.0,500.0,500.0,500.0,1.0,0.0
2,1,1,can,42,No,No,1.0,500.0,500.0,500.0,500.0,500.0,500.0,1.0,0.0
2,1,1,glance,43,No,No,1.0,0.0,0.0,0.0,0.0,0.0,0.0,0.0,0.0
2,1,1,at,44,No,No,1.0,0.0,0.0,0.0,0.0,0.0,0.0,0.0,0.0
2,1,1,the,45,No,No,1.0,350.0,350.0,350.0,350.0,350.0,350.0,1.0,0.0
2,1,1,watch,46,No,No,1.0,300.0,300.0,300.0,300.0,300.0,300.0,1.0,0.0
2,1,1,face,47,No,No,1.0,251.0,251.0,251.0,251.0,251.0,251.0,1.0,0.0
2,1,1,to,48,No,No,1.0,0.0,0.0,0.0,0.0,0.0,0.0,0.0,0.0
2,1,1,view,49,No,No,1.0,0.0,0.0,0.0,0.0,0.0,0.0,0.0,0.0
2,1,1,the,50,No,No,1.0,200.0,200.0,200.0,200.0,200.0,200.0,1.0,0.0
2,1,1,artist,51,No,No,1.0,202.0,202.0,202.0,202.0,202.0,202.0,1.0,0.0
2,1,1,and,52,No,No,1.0,298.0,298.0,298.0,298.0,298.0,298.0,1.0,0.0
2,1,1,title,53,No,No,1.0,201.0,201.0,201.0,201.0,201.0,201.0,1.0,0.0
2,1,1,of,54,No,No,1.0,200.0,200.0,200.0,200.0,200.0,200.0,1.0,0.0
2,1,1,a,55,No,No,1.0,0.0,0.0,0.0,0.0,0.0,0.0,0.0,0.0
2,1,1,song.,56,No,No,1.0,350.0,350.0,350.0,350.0,350.0,350.0,1.0,0.0
2,1,2,Two,0,No,No,1.0,237.0,449.0,0.0,0.0,0.0,0.0,0.0,0.0
2,1,2,days,1,No,No,1.0,312.0,513.0,312.0,513.0,513.0,962.0,1.0,1.0
2,1,2,"later,",2,No,No,1.0,186.0,186.0,186.0,186.0,186.0,186.0,1.0,0.0
2,1,2,the,3,No,No,1.0,0.0,0.0,0.0,0.0,0.0,0.0,0.0,0.0
2,1,2,British,4,No,No,1.0,0.0,0.0,0.0,0.0,0.0,0.0,0.0,0.0
2,1,2,astronomer,5,No,No,1.0,500.0,500.0,500.0,500.0,500.0,500.0,1.0,0.0
2,1,2,Richard,6,No,No,1.0,550.0,550.0,550.0,550.0,550.0,550.0,1.0,0.0
2,1,2,Carrington,7,No,No,1.0,701.0,701.0,701.0,701.0,701.0,701.0,1.0,0.0
2,1,2,was,8,No,No,1.0,300.0,300.0,300.0,300.0,300.0,300.0,1.0,0.0
2,1,2,observing,9,No,No,1.0,499.0,499.0,499.0,499.0,499.0,499.0,1.0,0.0
2,1,2,the,10,No,No,1.0,0.0,0.0,0.0,0.0,0.0,0.0,0.0,0.0
2,1,2,interesting,11,No,No,1.0,849.0,849.0,849.0,849.0,849.0,849.0,1.0,0.0
2,1,2,sunspot,12,No,No,1.0,351.0,351.0,351.0,351.0,351.0,351.0,1.0,0.0
2,1,2,group,13,No,No,1.0,0.0,0.0,0.0,0.0,0.0,0.0,0.0,0.0
2,1,2,through,14,No,No,1.0,501.0,501.0,501.0,501.0,501.0,501.0,1.0,0.0
2,1,2,his,15,No,No,1.0,0.0,0.0,0.0,0.0,0.0,0.0,0.0,0.0
2,1,2,telescope,16,No,No,1.0,450.0,450.0,450.0,450.0,450.0,450.0,1.0,0.0
2,1,2,when,17,No,No,1.0,0.0,0.0,0.0,0.0,0.0,0.0,0.0,0.0
2,1,2,he,18,No,No,1.0,0.0,0.0,0.0,0.0,0.0,0.0,0.0,0.0
2,1,2,saw,19,No,No,1.0,450.0,450.0,0.0,0.0,0.0,0.0,0.0,0.0
2,1,2,what,20,No,No,1.0,400.0,851.0,400.0,851.0,851.0,1301.0,1.0,1.0
2,1,2,he,21,No,No,1.0,0.0,0.0,0.0,0.0,0.0,0.0,0.0,0.0
2,1,2,described,22,No,No,1.0,700.0,700.0,700.0,700.0,700.0,700.0,1.0,0.0
2,1,2,as,23,No,No,1.0,0.0,0.0,0.0,0.0,0.0,0.0,0.0,0.0
2,1,2,"""two",24,No,No,1.0,351.0,351.0,351.0,351.0,351.0,351.0,1.0,0.0
2,1,2,patches,25,No,No,1.0,500.0,500.0,500.0,500.0,500.0,500.0,1.0,0.0
2,1,2,of,26,No,No,1.0,0.0,0.0,0.0,0.0,0.0,0.0,0.0,0.0
2,1,2,intensely,27,No,No,1.0,450.0,450.0,450.0,450.0,450.0,450.0,1.0,0.0
2,1,2,bright,28,No,No,1.0,300.0,300.0,300.0,300.0,300.0,300.0,1.0,0.0
2,1,2,and,29,No,No,1.0,0.0,0.0,0.0,0.0,0.0,0.0,0.0,0.0
2,1,2,white,30,No,No,1.0,400.0,400.0,400.0,400.0,400.0,400.0,1.0,0.0
2,1,2,"light""",31,No,No,1.0,403.0,403.0,403.0,403.0,403.0,403.0,1.0,0.0
2,1,2,over,32,No,No,1.0,0.0,0.0,0.0,0.0,0.0,0.0,0.0,0.0
2,1,2,the,33,No,No,1.0,0.0,0.0,0.0,0.0,0.0,0.0,0.0,0.0
2,1,2,sunspots.,34,No,No,1.0,250.0,250.0,250.0,250.0,250.0,250.0,1.0,0.0
2,1,2,He,35,No,No,1.0,400.0,400.0,0.0,0.0,0.0,0.0,0.0,0.0
2,1,2,jotted,36,No,No,1.0,301.0,851.0,0.0,0.0,0.0,0.0,0.0,0.0
2,1,2,a,37,No,No,1.0,0.0,0.0,0.0,0.0,0.0,0.0,0.0,0.0
2,1,2,note,38,No,No,1.0,350.0,350.0,0.0,0.0,0.0,0.0,0.0,0.0
2,1,2,in,39,No,No,1.0,0.0,0.0,0.0,0.0,0.0,0.0,0.0,0.0
2,1,2,his,40,No,No,1.0,0.0,0.0,0.0,0.0,0.0,0.0,0.0,0.0
2,1,2,painstaking,41,No,No,1.0,246.0,787.0,0.0,0.0,0.0,0.0,0.0,0.0
2,1,2,record.,42,No,No,1.0,460.0,460.0,0.0,0.0,0.0,0.0,0.0,0.0
2,1,2,That,43,No,No,1.0,196.0,196.0,0.0,0.0,0.0,0.0,0.0,0.0
2,1,2,night,44,No,No,1.0,405.0,405.0,0.0,0.0,0.0,0.0,0.0,0.0
2,1,2,there,45,No,No,1.0,0.0,0.0,0.0,0.0,0.0,0.0,0.0,0.0
2,1,2,was,46,No,No,1.0,0.0,0.0,0.0,0.0,0.0,0.0,0.0,0.0
2,1,2,scarcely,47,No,No,1.0,538.0,538.0,0.0,0.0,0.0,0.0,0.0,0.0
2,1,2,a,48,No,No,1.0,0.0,0.0,0.0,0.0,0.0,0.0,0.0,0.0
2,1,2,square,49,No,No,1.0,500.0,950.0,500.0,950.0,950.0,4937.0,1.0,1.0
2,1,2,inch,50,No,No,1.0,288.0,288.0,288.0,288.0,288.0,288.0,1.0,0.0
2,1,2,of,51,No,No,1.0,0.0,0.0,0.0,0.0,0.0,0.0,0.0,0.0
2,1,2,earth,52,No,No,1.0,352.0,352.0,352.0,352.0,352.0,352.0,1.0,0.0
2,1,2,that,53,No,No,1.0,0.0,0.0,0.0,0.0,0.0,0.0,0.0,0.0
2,1,2,was,54,No,No,1.0,198.0,198.0,198.0,198.0,198.0,198.0,1.0,0.0
2,1,2,not,55,No,No,1.0,0.0,0.0,0.0,0.0,0.0,0.0,0.0,0.0
2,1,2,illuminated,56,No,No,1.0,651.0,851.0,651.0,651.0,651.0,651.0,1.0,0.0
2,1,2,by,57,No,No,1.0,0.0,0.0,0.0,0.0,0.0,0.0,0.0,0.0
2,1,2,aurora.,58,No,No,1.0,500.0,1001.0,500.0,1001.0,1001.0,1201.0,1.0,1.0
2,1,3,I,0,No,No,1.0,0.0,0.0,0.0,0.0,0.0,0.0,0.0,0.0
2,1,3,agree,1,No,No,1.0,808.0,808.0,808.0,808.0,808.0,808.0,1.0,0.0
2,1,3,that,2,No,No,1.0,304.0,304.0,304.0,304.0,304.0,304.0,1.0,0.0
2,1,3,California's,3,No,No,1.0,440.0,440.0,440.0,440.0,440.0,440.0,1.0,0.0
2,1,3,"""three",4,No,No,1.0,510.0,510.0,510.0,510.0,510.0,510.0,1.0,0.0
2,1,3,strikes,5,No,No,1.0,241.0,241.0,241.0,241.0,241.0,241.0,1.0,0.0
2,1,3,and,6,No,No,1.0,360.0,360.0,360.0,360.0,360.0,360.0,1.0,0.0
2,1,3,you're,7,No,No,1.0,187.0,187.0,187.0,187.0,187.0,187.0,1.0,0.0
2,1,3,"out""",8,No,No,1.0,0.0,0.0,0.0,0.0,0.0,0.0,0.0,0.0
2,1,3,law,9,No,No,1.0,348.0,348.0,348.0,348.0,348.0,348.0,1.0,0.0
2,1,3,will,10,No,No,1.0,300.0,300.0,300.0,300.0,300.0,300.0,1.0,0.0
2,1,3,be,11,No,No,1.0,0.0,0.0,0.0,0.0,0.0,0.0,0.0,0.0
2,1,3,a,12,No,No,1.0,0.0,0.0,0.0,0.0,0.0,0.0,0.0,0.0
2,1,3,financial,13,No,No,1.0,450.0,450.0,450.0,450.0,450.0,450.0,1.0,0.0
2,1,3,disaster,14,No,No,1.0,450.0,450.0,450.0,450.0,450.0,450.0,1.0,0.0
2,1,3,for,15,No,No,1.0,400.0,400.0,400.0,400.0,400.0,400.0,1.0,0.0
2,1,3,taxpayers,16,No,No,1.0,849.0,849.0,849.0,849.0,849.0,849.0,1.0,0.0
2,1,3,who,17,No,No,1.0,200.0,200.0,200.0,200.0,200.0,200.0,1.0,0.0
2,1,3,care,18,No,No,1.0,251.0,251.0,251.0,251.0,251.0,251.0,1.0,0.0
2,1,3,about,19,No,No,1.0,401.0,401.0,401.0,401.0,401.0,401.0,1.0,0.0
2,1,3,education,20,No,No,1.0,551.0,551.0,551.0,551.0,551.0,551.0,1.0,0.0
2,1,3,and,21,No,No,1.0,549.0,549.0,549.0,549.0,549.0,549.0,1.0,0.0
2,1,3,other,22,No,No,1.0,0.0,0.0,0.0,0.0,0.0,0.0,0.0,0.0
2,1,3,vital,23,No,No,1.0,250.0,250.0,250.0,250.0,250.0,250.0,1.0,0.0
2,1,3,services.,24,No,No,1.0,651.0,651.0,651.0,651.0,651.0,651.0,1.0,0.0
2,1,3,But,25,No,No,1.0,298.0,298.0,298.0,298.0,298.0,298.0,1.0,0.0
2,1,3,it's,26,No,No,1.0,202.0,202.0,202.0,202.0,202.0,202.0,1.0,0.0
2,1,3,far,27,No,No,1.0,401.0,401.0,401.0,401.0,401.0,401.0,1.0,0.0
2,1,3,from,28,No,No,1.0,350.0,350.0,350.0,350.0,350.0,350.0,1.0,0.0
2,1,3,clear,29,No,No,1.0,351.0,351.0,351.0,351.0,351.0,351.0,1.0,0.0
2,1,3,that,30,No,No,1.0,200.0,200.0,200.0,200.0,200.0,200.0,1.0,0.0
2,1,3,the,31,No,No,1.0,0.0,0.0,0.0,0.0,0.0,0.0,0.0,0.0
2,1,3,law,32,No,No,1.0,0.0,0.0,0.0,0.0,0.0,0.0,0.0,0.0
2,1,3,can,33,No,No,1.0,250.0,250.0,250.0,250.0,250.0,250.0,1.0,0.0
2,1,3,even,34,No,No,1.0,200.0,200.0,200.0,200.0,200.0,200.0,1.0,0.0
2,1,3,be,35,No,No,1.0,951.0,951.0,0.0,0.0,0.0,0.0,0.0,0.0
2,1,3,credited,36,No,No,1.0,1652.0,2002.0,1652.0,2002.0,2002.0,2953.0,1.0,1.0
2,1,3,with,37,No,No,1.0,0.0,0.0,0.0,0.0,0.0,0.0,0.0,0.0
2,1,3,a,38,No,No,1.0,0.0,0.0,0.0,0.0,0.0,0.0,0.0,0.0
2,1,3,reduction,39,No,No,1.0,656.0,656.0,656.0,656.0,656.0,656.0,1.0,0.0
2,1,3,in,40,No,No,1.0,0.0,0.0,0.0,0.0,0.0,0.0,0.0,0.0
2,1,3,crime,41,No,No,1.0,0.0,0.0,0.0,0.0,0.0,0.0,0.0,0.0
2,1,3,in,42,No,No,1.0,250.0,250.0,250.0,250.0,250.0,250.0,1.0,0.0
2,1,3,California.,43,No,No,1.0,550.0,550.0,550.0,550.0,550.0,550.0,1.0,0.0
2,1,3,While,44,No,No,1.0,400.0,400.0,400.0,400.0,400.0,400.0,1.0,0.0
2,1,3,it's,45,No,No,1.0,0.0,0.0,0.0,0.0,0.0,0.0,0.0,0.0
2,1,3,true,46,No,No,1.0,204.0,204.0,204.0,204.0,204.0,204.0,1.0,0.0
2,1,3,that,47,No,No,1.0,0.0,0.0,0.0,0.0,0.0,0.0,0.0,0.0
2,1,3,crime,48,No,No,1.0,300.0,300.0,300.0,300.0,300.0,300.0,1.0,0.0
2,1,3,declined,49,No,No,1.0,450.0,450.0,450.0,450.0,450.0,450.0,1.0,0.0
2,1,3,in,50,No,No,1.0,0.0,0.0,0.0,0.0,0.0,0.0,0.0,0.0
2,1,3,California,51,No,No,1.0,549.0,549.0,549.0,549.0,549.0,549.0,1.0,0.0
2,1,3,last,52,No,No,1.0,0.0,0.0,0.0,0.0,0.0,0.0,0.0,0.0
2,1,3,"year,",53,No,No,1.0,411.0,411.0,411.0,411.0,411.0,411.0,1.0,0.0
2,1,3,crime,54,No,No,1.0,200.0,200.0,200.0,200.0,200.0,200.0,1.0,0.0
2,1,3,also,55,No,No,1.0,251.0,251.0,251.0,251.0,251.0,251.0,1.0,0.0
2,1,3,dropped,56,No,No,1.0,550.0,550.0,550.0,550.0,550.0,550.0,1.0,0.0
2,1,3,nationwide.,57,No,No,1.0,450.0,450.0,450.0,450.0,450.0,450.0,1.0,0.0
2,1,4,Liza,0,No,No,1.0,911.0,911.0,911.0,911.0,911.0,911.0,1.0,0.0
2,1,4,was,1,No,No,1.0,0.0,0.0,0.0,0.0,0.0,0.0,0.0,0.0
2,1,4,in,2,No,No,1.0,0.0,0.0,0.0,0.0,0.0,0.0,0.0,0.0
2,1,4,a,3,No,No,1.0,0.0,0.0,0.0,0.0,0.0,0.0,0.0,0.0
2,1,4,bad,4,No,No,1.0,749.0,749.0,749.0,749.0,749.0,749.0,1.0,0.0
2,1,4,"temper,",5,No,No,1.0,350.0,350.0,350.0,350.0,350.0,350.0,1.0,0.0
2,1,4,for,6,No,No,1.0,0.0,0.0,0.0,0.0,0.0,0.0,0.0,0.0
2,1,4,she,7,No,No,1.0,501.0,501.0,501.0,501.0,501.0,501.0,1.0,0.0
2,1,4,was,8,No,No,1.0,0.0,0.0,0.0,0.0,0.0,0.0,0.0,0.0
2,1,4,mixing,9,No,No,1.0,599.0,599.0,599.0,599.0,599.0,599.0,1.0,0.0
2,1,4,the,10,No,No,1.0,0.0,0.0,0.0,0.0,0.0,0.0,0.0,0.0
2,1,4,Christmas,11,No,No,1.0,501.0,501.0,501.0,501.0,501.0,501.0,1.0,0.0
2,1,4,puddings,12,No,No,1.0,500.0,500.0,500.0,500.0,500.0,500.0,1.0,0.0
2,1,4,in,13,No,No,1.0,0.0,0.0,0.0,0.0,0.0,0.0,0.0,0.0
2,1,4,the,14,No,No,1.0,0.0,0.0,0.0,0.0,0.0,0.0,0.0,0.0
2,1,4,"kitchen,",15,No,No,1.0,401.0,401.0,401.0,401.0,401.0,401.0,1.0,0.0
2,1,4,and,16,No,No,1.0,300.0,300.0,300.0,300.0,300.0,300.0,1.0,0.0
2,1,4,had,17,No,No,1.0,302.0,302.0,302.0,302.0,302.0,302.0,1.0,0.0
2,1,4,been,18,No,No,1.0,249.0,249.0,249.0,249.0,249.0,249.0,1.0,0.0
2,1,4,drawn,19,No,No,1.0,0.0,0.0,0.0,0.0,0.0,0.0,0.0,0.0
2,1,4,from,20,No,No,1.0,499.0,499.0,499.0,499.0,499.0,499.0,1.0,0.0
2,1,4,"them,",21,No,No,1.0,0.0,0.0,0.0,0.0,0.0,0.0,0.0,0.0
2,1,4,with,22,No,No,1.0,401.0,401.0,401.0,401.0,401.0,401.0,1.0,0.0
2,1,4,a,23,No,No,1.0,0.0,0.0,0.0,0.0,0.0,0.0,0.0,0.0
2,1,4,raisin,24,No,No,1.0,200.0,200.0,200.0,200.0,200.0,200.0,1.0,0.0
2,1,4,still,25,No,No,1.0,0.0,0.0,0.0,0.0,0.0,0.0,0.0,0.0
2,1,4,on,26,No,No,1.0,200.0,200.0,200.0,200.0,200.0,200.0,1.0,0.0
2,1,4,her,27,No,No,1.0,350.0,350.0,350.0,350.0,350.0,350.0,1.0,0.0
2,1,4,"cheek,",28,No,No,1.0,301.0,301.0,301.0,301.0,301.0,301.0,1.0,0.0
2,1,4,by,29,No,No,1.0,196.0,196.0,196.0,196.0,196.0,196.0,1.0,0.0
2,1,4,Nana's,30,No,No,1.0,805.0,805.0,805.0,805.0,805.0,805.0,1.0,0.0
2,1,4,absurd,31,No,No,1.0,650.0,650.0,650.0,650.0,650.0,650.0,1.0,0.0
2,1,4,suspicions.,32,No,No,1.0,1702.0,1702.0,1702.0,1702.0,1702.0,1702.0,1.0,0.0
2,1,4,She,33,No,No,1.0,300.0,300.0,300.0,300.0,300.0,300.0,1.0,0.0
2,1,4,thought,34,No,No,1.0,301.0,301.0,301.0,301.0,301.0,301.0,1.0,0.0
2,1,4,the,35,No,No,1.0,0.0,0.0,0.0,0.0,0.0,0.0,0.0,0.0
2,1,4,best,36,No,No,1.0,300.0,300.0,300.0,300.0,300.0,300.0,1.0,0.0
2,1,4,way,37,No,No,1.0,0.0,0.0,0.0,0.0,0.0,0.0,0.0,0.0
2,1,4,of,38,No,No,1.0,248.0,248.0,248.0,248.0,248.0,248.0,1.0,0.0
2,1,4,getting,39,No,No,1.0,504.0,504.0,504.0,504.0,504.0,504.0,1.0,0.0
2,1,4,a,40,No,No,1.0,0.0,0.0,0.0,0.0,0.0,0.0,0.0,0.0
2,1,4,little,41,No,No,1.0,0.0,0.0,0.0,0.0,0.0,0.0,0.0,0.0
2,1,4,quiet,42,No,No,1.0,301.0,602.0,301.0,301.0,301.0,301.0,1.0,0.0
2,1,4,was,43,No,No,1.0,600.0,600.0,600.0,600.0,600.0,600.0,1.0,0.0
2,1,4,to,44,No,No,1.0,0.0,0.0,0.0,0.0,0.0,0.0,0.0,0.0
2,1,4,take,45,No,No,1.0,161.0,161.0,161.0,161.0,161.0,161.0,1.0,0.0
2,1,4,Nana,46,No,No,1.0,350.0,750.0,350.0,350.0,350.0,350.0,1.0,0.0
2,1,4,to,47,No,No,1.0,289.0,289.0,289.0,289.0,289.0,289.0,1.0,0.0
2,1,4,the,48,No,No,1.0,201.0,201.0,0.0,0.0,0.0,0.0,0.0,0.0
2,1,4,nursery,49,No,No,1.0,408.0,858.0,408.0,408.0,408.0,408.0,1.0,0.0
2,1,4,for,50,No,No,1.0,192.0,192.0,192.0,192.0,192.0,192.0,1.0,0.0
2,1,4,a,51,No,No,1.0,200.0,200.0,200.0,200.0,200.0,200.0,1.0,0.0
2,1,4,"moment,",52,No,No,1.0,552.0,552.0,552.0,552.0,552.0,552.0,1.0,0.0
2,1,4,but,53,No,No,1.0,296.0,747.0,296.0,296.0,296.0,296.0,1.0,0.0
2,1,4,in,54,No,No,1.0,288.0,288.0,0.0,0.0,0.0,0.0,0.0,0.0
2,1,4,custody,55,No,No,1.0,440.0,2838.0,440.0,440.0,440.0,440.0,1.0,0.0
2,1,4,of,56,No,No,1.0,409.0,409.0,409.0,409.0,409.0,409.0,1.0,0.0
2,1,4,course.,57,No,No,1.0,238.0,1188.0,238.0,1188.0,1188.0,5677.0,1.0,1.0
2,1,5,Mrs.,0,No,Yes,0.0,800.0,800.0,800.0,800.0,800.0,800.0,1.0,0.0
2,1,5,Darling,1,No,Yes,0.0,351.0,351.0,351.0,351.0,351.0,351.0,1.0,0.0
2,1,5,quivered,2,No,Yes,0.0,450.0,450.0,450.0,450.0,450.0,450.0,1.0,0.0
2,1,5,and,3,No,Yes,0.0,0.0,0.0,0.0,0.0,0.0,0.0,0.0,0.0
2,1,5,went,4,No,Yes,0.0,201.0,201.0,201.0,201.0,201.0,201.0,1.0,0.0
2,1,5,to,5,No,Yes,0.0,0.0,0.0,0.0,0.0,0.0,0.0,0.0,0.0
2,1,5,the,6,No,Yes,0.0,0.0,0.0,0.0,0.0,0.0,0.0,0.0,0.0
2,1,5,window.,7,No,Yes,0.0,691.0,691.0,691.0,691.0,691.0,691.0,1.0,0.0
2,1,5,It,8,No,Yes,0.0,0.0,0.0,0.0,0.0,0.0,0.0,0.0,0.0
2,1,5,was,9,No,Yes,0.0,291.0,291.0,291.0,291.0,291.0,291.0,1.0,0.0
2,1,5,securely,10,No,Yes,0.0,660.0,660.0,660.0,660.0,660.0,660.0,1.0,0.0
2,1,5,fastened.,11,No,Yes,0.0,801.0,801.0,801.0,801.0,801.0,801.0,1.0,0.0
2,1,5,She,12,No,Yes,0.0,250.0,250.0,250.0,250.0,250.0,250.0,1.0,0.0
2,1,5,looked,13,No,Yes,0.0,350.0,350.0,350.0,350.0,350.0,350.0,1.0,0.0
2,1,5,"out,",14,No,Yes,0.0,740.0,740.0,740.0,740.0,740.0,740.0,1.0,0.0
2,1,5,and,15,No,Yes,0.0,249.0,249.0,249.0,249.0,249.0,249.0,1.0,0.0
2,1,5,the,16,No,Yes,0.0,201.0,201.0,201.0,201.0,201.0,201.0,1.0,0.0
2,1,5,night,17,No,Yes,0.0,412.0,412.0,412.0,412.0,412.0,412.0,1.0,0.0
2,1,5,was,18,No,Yes,0.0,200.0,200.0,200.0,200.0,200.0,200.0,1.0,0.0
2,1,5,peppered,19,No,Yes,0.0,994.0,994.0,994.0,994.0,994.0,994.0,1.0,0.0
2,1,5,with,20,No,Yes,0.0,207.0,207.0,207.0,207.0,207.0,207.0,1.0,0.0
2,1,5,stars.,21,No,Yes,0.0,536.0,936.0,536.0,936.0,936.0,936.0,1.0,0.0
2,1,5,They,22,No,Yes,0.0,0.0,0.0,0.0,0.0,0.0,0.0,0.0,0.0
2,1,5,were,23,No,Yes,0.0,300.0,300.0,300.0,300.0,300.0,300.0,1.0,0.0
2,1,5,crowding,24,No,Yes,0.0,550.0,550.0,550.0,550.0,550.0,550.0,1.0,0.0
2,1,5,round,25,No,Yes,0.0,350.0,350.0,350.0,350.0,350.0,350.0,1.0,0.0
2,1,5,the,26,No,Yes,0.0,0.0,0.0,0.0,0.0,0.0,0.0,0.0,0.0
2,1,5,"house,",27,No,Yes,0.0,399.0,399.0,399.0,399.0,399.0,399.0,1.0,0.0
2,1,5,as,28,No,Yes,0.0,0.0,0.0,0.0,0.0,0.0,0.0,0.0,0.0
2,1,5,if,29,No,Yes,0.0,201.0,201.0,201.0,201.0,201.0,201.0,1.0,0.0
2,1,5,curious,30,No,Yes,0.0,400.0,400.0,400.0,400.0,400.0,400.0,1.0,0.0
2,1,5,to,31,No,Yes,0.0,0.0,0.0,0.0,0.0,0.0,0.0,0.0,0.0
2,1,5,see,32,No,Yes,0.0,400.0,400.0,400.0,400.0,400.0,400.0,1.0,0.0
2,1,5,what,33,No,Yes,0.0,300.0,300.0,300.0,300.0,300.0,300.0,1.0,0.0
2,1,5,was,34,No,Yes,0.0,0.0,0.0,0.0,0.0,0.0,0.0,0.0,0.0
2,1,5,to,35,No,Yes,0.0,250.0,250.0,250.0,250.0,250.0,250.0,1.0,0.0
2,1,5,take,36,No,Yes,0.0,0.0,0.0,0.0,0.0,0.0,0.0,0.0,0.0
2,1,5,place,37,No,Yes,0.0,450.0,450.0,450.0,450.0,450.0,450.0,1.0,0.0
2,1,5,"there,",38,No,Yes,0.0,0.0,0.0,0.0,0.0,0.0,0.0,0.0,0.0
2,1,5,but,39,No,Yes,0.0,0.0,0.0,0.0,0.0,0.0,0.0,0.0,0.0
2,1,5,she,40,No,Yes,0.0,0.0,0.0,0.0,0.0,0.0,0.0,0.0,0.0
2,1,5,did,41,No,Yes,0.0,0.0,0.0,0.0,0.0,0.0,0.0,0.0,0.0
2,1,5,not,42,No,Yes,0.0,200.0,200.0,200.0,200.0,200.0,200.0,1.0,0.0
2,1,5,notice,43,No,Yes,0.0,199.0,199.0,199.0,199.0,199.0,199.0,1.0,0.0
2,1,5,"this,",44,No,Yes,0.0,200.0,750.0,200.0,200.0,200.0,200.0,1.0,0.0
2,1,5,nor,45,No,Yes,0.0,200.0,200.0,200.0,200.0,200.0,750.0,1.0,1.0
2,1,5,that,46,No,Yes,0.0,250.0,250.0,250.0,250.0,250.0,250.0,1.0,0.0
2,1,5,one,47,No,Yes,0.0,300.0,300.0,300.0,300.0,300.0,300.0,1.0,0.0
2,1,5,or,48,No,Yes,0.0,0.0,0.0,0.0,0.0,0.0,0.0,0.0,0.0
2,1,5,two,49,No,Yes,0.0,200.0,200.0,200.0,200.0,200.0,200.0,1.0,0.0
2,1,5,of,50,No,Yes,0.0,0.0,0.0,0.0,0.0,0.0,0.0,0.0,0.0
2,1,5,the,51,No,Yes,0.0,250.0,250.0,250.0,250.0,250.0,250.0,1.0,0.0
2,1,5,smaller,52,No,Yes,0.0,501.0,1352.0,501.0,501.0,501.0,501.0,1.0,0.0
2,1,5,ones,53,No,Yes,0.0,350.0,350.0,350.0,350.0,350.0,350.0,1.0,0.0
2,1,5,winked,54,No,Yes,0.0,550.0,550.0,550.0,550.0,550.0,550.0,1.0,0.0
2,1,5,at,55,No,Yes,0.0,201.0,201.0,201.0,201.0,201.0,201.0,1.0,0.0
2,1,5,her.,56,No,Yes,0.0,601.0,601.0,601.0,601.0,601.0,1452.0,1.0,1.0
2,1,6,Seeing,0,No,No,1.0,1002.0,1002.0,1002.0,1002.0,1002.0,1002.0,1.0,0.0
2,1,6,Peter,1,No,No,1.0,549.0,549.0,549.0,549.0,549.0,549.0,1.0,0.0
2,1,6,slowly,2,No,No,1.0,350.0,350.0,350.0,350.0,350.0,350.0,1.0,0.0
2,1,6,advancing,3,No,No,1.0,451.0,1302.0,451.0,451.0,451.0,451.0,1.0,0.0
2,1,6,upon,4,No,No,1.0,400.0,1206.0,400.0,600.0,600.0,1451.0,1.0,1.0
2,1,6,him,5,No,No,1.0,195.0,195.0,0.0,0.0,0.0,0.0,0.0,0.0
2,1,6,through,6,No,No,1.0,600.0,951.0,600.0,951.0,951.0,1752.0,1.0,1.0
2,1,6,the,7,No,No,1.0,0.0,0.0,0.0,0.0,0.0,0.0,0.0,0.0
2,1,6,air,8,No,No,1.0,0.0,0.0,0.0,0.0,0.0,0.0,0.0,0.0
2,1,6,with,9,No,No,1.0,0.0,0.0,0.0,0.0,0.0,0.0,0.0,0.0
2,1,6,dagger,10,No,No,1.0,549.0,549.0,549.0,549.0,549.0,549.0,1.0,0.0
2,1,6,"poised,",11,No,No,1.0,552.0,552.0,552.0,552.0,552.0,552.0,1.0,0.0
2,1,6,he,12,No,No,1.0,350.0,350.0,350.0,350.0,350.0,350.0,1.0,0.0
2,1,6,sprang,13,No,No,1.0,449.0,449.0,449.0,449.0,449.0,449.0,1.0,0.0
2,1,6,upon,14,No,No,1.0,301.0,301.0,301.0,301.0,301.0,301.0,1.0,0.0
2,1,6,the,15,No,No,1.0,400.0,400.0,400.0,400.0,400.0,400.0,1.0,0.0
2,1,6,bulwarks,16,No,No,1.0,842.0,842.0,842.0,842.0,842.0,842.0,1.0,0.0
2,1,6,to,17,No,No,1.0,259.0,259.0,259.0,259.0,259.0,259.0,1.0,0.0
2,1,6,cast,18,No,No,1.0,301.0,301.0,301.0,301.0,301.0,301.0,1.0,0.0
2,1,6,himself,19,No,No,1.0,500.0,500.0,500.0,500.0,500.0,500.0,1.0,0.0
2,1,6,into,20,No,No,1.0,244.0,244.0,244.0,244.0,244.0,244.0,1.0,0.0
2,1,6,the,21,No,No,1.0,0.0,0.0,0.0,0.0,0.0,0.0,0.0,0.0
2,1,6,sea.,22,No,No,1.0,361.0,361.0,361.0,361.0,361.0,361.0,1.0,0.0
2,1,6,He,23,No,No,1.0,0.0,0.0,0.0,0.0,0.0,0.0,0.0,0.0
2,1,6,did,24,No,No,1.0,0.0,0.0,0.0,0.0,0.0,0.0,0.0,0.0
2,1,6,not,25,No,No,1.0,0.0,0.0,0.0,0.0,0.0,0.0,0.0,0.0
2,1,6,know,26,No,No,1.0,600.0,600.0,600.0,600.0,600.0,600.0,1.0,0.0
2,1,6,that,27,No,No,1.0,0.0,0.0,0.0,0.0,0.0,0.0,0.0,0.0
2,1,6,the,28,No,No,1.0,303.0,303.0,303.0,303.0,303.0,303.0,1.0,0.0
2,1,6,crocodile,29,No,No,1.0,850.0,850.0,850.0,850.0,850.0,850.0,1.0,0.0
2,1,6,was,30,No,No,1.0,350.0,350.0,350.0,350.0,350.0,350.0,1.0,0.0
2,1,6,waiting,31,No,No,1.0,400.0,400.0,400.0,400.0,400.0,400.0,1.0,0.0
2,1,6,for,32,No,No,1.0,200.0,200.0,200.0,200.0,200.0,200.0,1.0,0.0
2,1,6,him;,33,No,No,1.0,301.0,301.0,301.0,301.0,301.0,301.0,1.0,0.0
2,1,6,for,34,No,No,1.0,0.0,0.0,0.0,0.0,0.0,0.0,0.0,0.0
2,1,6,we,35,No,No,1.0,200.0,200.0,200.0,200.0,200.0,200.0,1.0,0.0
2,1,6,purposely,36,No,No,1.0,550.0,550.0,550.0,550.0,550.0,550.0,1.0,0.0
2,1,6,stopped,37,No,No,1.0,250.0,250.0,250.0,250.0,250.0,250.0,1.0,0.0
2,1,6,the,38,No,No,1.0,0.0,0.0,0.0,0.0,0.0,0.0,0.0,0.0
2,1,6,clock,39,No,No,1.0,1050.0,1050.0,1050.0,1050.0,1050.0,1050.0,1.0,0.0
2,1,6,that,40,No,No,1.0,701.0,1152.0,701.0,701.0,701.0,701.0,1.0,0.0
2,1,6,this,41,No,No,1.0,300.0,300.0,0.0,0.0,0.0,0.0,0.0,0.0
2,1,6,knowledge,42,No,No,1.0,1099.0,1800.0,1099.0,1099.0,1099.0,1099.0,1.0,0.0
2,1,6,might,43,No,No,1.0,350.0,350.0,0.0,0.0,0.0,0.0,0.0,0.0
2,1,6,be,44,No,No,1.0,0.0,0.0,0.0,0.0,0.0,0.0,0.0,0.0
2,1,6,spared,45,No,No,1.0,451.0,451.0,0.0,0.0,0.0,0.0,0.0,0.0
2,1,6,him:,46,No,No,1.0,200.0,200.0,0.0,0.0,0.0,0.0,0.0,0.0
2,1,6,a,47,No,No,1.0,0.0,0.0,0.0,0.0,0.0,0.0,0.0,0.0
2,1,6,little,48,No,No,1.0,300.0,300.0,0.0,0.0,0.0,0.0,0.0,0.0
2,1,6,mark,49,No,No,1.0,500.0,1351.0,500.0,1351.0,1351.0,4104.0,1.0,1.0
2,1,6,of,50,No,No,1.0,0.0,0.0,0.0,0.0,0.0,0.0,0.0,0.0
2,1,6,respect,51,No,No,1.0,401.0,401.0,401.0,401.0,401.0,401.0,1.0,0.0
2,1,6,from,52,No,No,1.0,249.0,249.0,249.0,249.0,249.0,249.0,1.0,0.0
2,1,6,us,53,No,No,1.0,0.0,0.0,0.0,0.0,0.0,0.0,0.0,0.0
2,1,6,at,54,No,No,1.0,0.0,0.0,0.0,0.0,0.0,0.0,0.0,0.0
2,1,6,the,55,No,No,1.0,0.0,0.0,0.0,0.0,0.0,0.0,0.0,0.0
2,1,6,end.,56,No,No,1.0,450.0,450.0,450.0,450.0,450.0,450.0,1.0,0.0
2,1,7,Dorothy,0,No,No,1.0,1205.0,1205.0,1205.0,1205.0,1205.0,1205.0,1.0,0.0
2,1,7,didn't,1,No,No,1.0,300.0,300.0,300.0,300.0,300.0,300.0,1.0,0.0
2,1,7,know.,2,No,No,1.0,302.0,302.0,302.0,302.0,302.0,302.0,1.0,0.0
2,1,7,She,3,No,No,1.0,199.0,199.0,199.0,199.0,199.0,199.0,1.0,0.0
2,1,7,looked,4,No,No,1.0,400.0,400.0,400.0,400.0,400.0,400.0,1.0,0.0
2,1,7,around,5,No,No,1.0,550.0,550.0,550.0,550.0,550.0,550.0,1.0,0.0
2,1,7,her,6,No,No,1.0,0.0,0.0,0.0,0.0,0.0,0.0,0.0,0.0
2,1,7,anxiously,7,No,No,1.0,694.0,1394.0,694.0,694.0,694.0,694.0,1.0,0.0
2,1,7,for,8,No,No,1.0,0.0,0.0,0.0,0.0,0.0,0.0,0.0,0.0
2,1,7,some,9,No,No,1.0,400.0,600.0,400.0,400.0,400.0,400.0,1.0,0.0
2,1,7,familiar,10,No,No,1.0,403.0,947.0,403.0,403.0,403.0,403.0,1.0,0.0
2,1,7,landmark;,11,No,No,1.0,949.0,949.0,949.0,949.0,949.0,2393.0,1.0,1.0
2,1,7,but,12,No,No,1.0,260.0,260.0,0.0,0.0,0.0,0.0,0.0,0.0
2,1,7,everything,13,No,No,1.0,401.0,601.0,401.0,601.0,601.0,861.0,1.0,1.0
2,1,7,was,14,No,No,1.0,200.0,200.0,200.0,200.0,200.0,200.0,1.0,0.0
2,1,7,strange.,15,No,No,1.0,400.0,400.0,400.0,400.0,400.0,400.0,1.0,0.0
2,1,7,Between,16,No,No,1.0,401.0,401.0,401.0,401.0,401.0,401.0,1.0,0.0
2,1,7,the,17,No,No,1.0,252.0,252.0,252.0,252.0,252.0,252.0,1.0,0.0
2,1,7,branches,18,No,No,1.0,285.0,285.0,285.0,285.0,285.0,285.0,1.0,0.0
2,1,7,of,19,No,No,1.0,0.0,0.0,0.0,0.0,0.0,0.0,0.0,0.0
2,1,7,the,20,No,No,1.0,203.0,203.0,203.0,203.0,203.0,203.0,1.0,0.0
2,1,7,many,21,No,No,1.0,441.0,441.0,441.0,441.0,441.0,441.0,1.0,0.0
2,1,7,roads,22,No,No,1.0,0.0,0.0,0.0,0.0,0.0,0.0,0.0,0.0
2,1,7,were,23,No,No,1.0,387.0,898.0,387.0,387.0,387.0,387.0,1.0,0.0
2,1,7,green,24,No,No,1.0,503.0,503.0,503.0,503.0,503.0,1014.0,1.0,1.0
2,1,7,meadows,25,No,No,1.0,200.0,650.0,200.0,650.0,650.0,650.0,1.0,0.0
2,1,7,and,26,No,No,1.0,250.0,250.0,250.0,250.0,250.0,250.0,1.0,0.0
2,1,7,a,27,No,No,1.0,0.0,0.0,0.0,0.0,0.0,0.0,0.0,0.0
2,1,7,few,28,No,No,1.0,0.0,0.0,0.0,0.0,0.0,0.0,0.0,0.0
2,1,7,shrubs,29,No,No,1.0,500.0,500.0,500.0,500.0,500.0,500.0,1.0,0.0
2,1,7,and,30,No,No,1.0,350.0,350.0,350.0,350.0,350.0,350.0,1.0,0.0
2,1,7,"trees,",31,No,No,1.0,0.0,0.0,0.0,0.0,0.0,0.0,0.0,0.0
2,1,7,but,32,No,No,1.0,0.0,0.0,0.0,0.0,0.0,0.0,0.0,0.0
2,1,7,she,33,No,No,1.0,549.0,549.0,549.0,549.0,549.0,549.0,1.0,0.0
2,1,7,couldn't,34,No,No,1.0,200.0,200.0,200.0,200.0,200.0,200.0,1.0,0.0
2,1,7,see,35,No,No,1.0,250.0,250.0,250.0,250.0,250.0,250.0,1.0,0.0
2,1,7,the,36,No,No,1.0,0.0,0.0,0.0,0.0,0.0,0.0,0.0,0.0
2,1,7,farm-house,37,No,No,1.0,851.0,851.0,851.0,851.0,851.0,851.0,1.0,0.0
2,1,7,from,38,No,No,1.0,0.0,0.0,0.0,0.0,0.0,0.0,0.0,0.0
2,1,7,which,39,No,No,1.0,350.0,350.0,350.0,350.0,350.0,350.0,1.0,0.0
2,1,7,she,40,No,No,1.0,250.0,250.0,250.0,250.0,250.0,250.0,1.0,0.0
2,1,7,had,41,No,No,1.0,0.0,0.0,0.0,0.0,0.0,0.0,0.0,0.0
2,1,7,just,42,No,No,1.0,200.0,200.0,200.0,200.0,200.0,200.0,1.0,0.0
2,1,7,"come,",43,No,No,1.0,350.0,350.0,350.0,350.0,350.0,350.0,1.0,0.0
2,1,7,or,44,No,No,1.0,0.0,0.0,0.0,0.0,0.0,0.0,0.0,0.0
2,1,7,anything,45,No,No,1.0,501.0,501.0,501.0,501.0,501.0,501.0,1.0,0.0
2,1,7,she,46,No,No,1.0,0.0,0.0,0.0,0.0,0.0,0.0,0.0,0.0
2,1,7,had,47,No,No,1.0,0.0,0.0,0.0,0.0,0.0,0.0,0.0,0.0
2,1,7,ever,48,No,No,1.0,301.0,301.0,301.0,301.0,301.0,301.0,1.0,0.0
2,1,7,seen,49,No,No,1.0,400.0,400.0,400.0,400.0,400.0,400.0,1.0,0.0
2,1,7,"before,",50,No,No,1.0,451.0,451.0,451.0,451.0,451.0,451.0,1.0,0.0
2,1,7,except,51,No,No,1.0,0.0,0.0,0.0,0.0,0.0,0.0,0.0,0.0
2,1,7,the,52,No,No,1.0,400.0,400.0,400.0,400.0,400.0,400.0,1.0,0.0
2,1,7,shaggy,53,No,No,1.0,452.0,452.0,452.0,452.0,452.0,452.0,1.0,0.0
2,1,7,man,54,No,No,1.0,252.0,252.0,252.0,252.0,252.0,252.0,1.0,0.0
2,1,7,and,55,No,No,1.0,342.0,1095.0,342.0,342.0,342.0,342.0,1.0,0.0
2,1,7,Toto.,56,No,No,1.0,354.0,655.0,354.0,655.0,655.0,1408.0,1.0,1.0
2,1,8,The,0,Yes,Yes,1.0,901.0,901.0,901.0,901.0,901.0,901.0,1.0,0.0
2,1,8,human,1,Yes,Yes,1.0,348.0,348.0,348.0,348.0,348.0,348.0,1.0,0.0
2,1,8,body,2,Yes,Yes,1.0,450.0,450.0,450.0,450.0,450.0,450.0,1.0,0.0
2,1,8,can,3,Yes,Yes,1.0,0.0,0.0,0.0,0.0,0.0,0.0,0.0,0.0
2,1,8,tolerate,4,Yes,Yes,1.0,399.0,399.0,399.0,399.0,399.0,399.0,1.0,0.0
2,1,8,only,5,Yes,Yes,1.0,200.0,200.0,200.0,200.0,200.0,200.0,1.0,0.0
2,1,8,a,6,Yes,Yes,1.0,0.0,0.0,0.0,0.0,0.0,0.0,0.0,0.0
2,1,8,small,7,Yes,Yes,1.0,201.0,201.0,201.0,201.0,201.0,201.0,1.0,0.0
2,1,8,range,8,Yes,Yes,1.0,550.0,550.0,550.0,550.0,550.0,550.0,1.0,0.0
2,1,8,of,9,Yes,Yes,1.0,0.0,0.0,0.0,0.0,0.0,0.0,0.0,0.0
2,1,8,"temperature,",10,Yes,Yes,1.0,400.0,400.0,400.0,400.0,400.0,400.0,1.0,0.0
2,1,8,especially,11,Yes,Yes,1.0,403.0,403.0,403.0,403.0,403.0,403.0,1.0,0.0
2,1,8,when,12,Yes,Yes,1.0,350.0,350.0,350.0,350.0,350.0,350.0,1.0,0.0
2,1,8,the,13,Yes,Yes,1.0,0.0,0.0,0.0,0.0,0.0,0.0,0.0,0.0
2,1,8,person,14,Yes,Yes,1.0,301.0,301.0,301.0,301.0,301.0,301.0,1.0,0.0
2,1,8,is,15,Yes,Yes,1.0,0.0,0.0,0.0,0.0,0.0,0.0,0.0,0.0
2,1,8,engaged,16,Yes,Yes,1.0,398.0,398.0,398.0,398.0,398.0,398.0,1.0,0.0
2,1,8,in,17,Yes,Yes,1.0,253.0,253.0,253.0,253.0,253.0,253.0,1.0,0.0
2,1,8,vigorous,18,Yes,Yes,1.0,450.0,450.0,450.0,450.0,450.0,450.0,1.0,0.0
2,1,8,activity.,19,Yes,Yes,1.0,0.0,0.0,0.0,0.0,0.0,0.0,0.0,0.0
2,1,8,Heat,20,Yes,Yes,1.0,1046.0,1046.0,0.0,0.0,0.0,0.0,0.0,0.0
2,1,8,reactions,21,Yes,Yes,1.0,551.0,1007.0,551.0,1007.0,1007.0,2053.0,1.0,1.0
2,1,8,usually,22,Yes,Yes,1.0,342.0,342.0,342.0,342.0,342.0,342.0,1.0,0.0
2,1,8,occur,23,Yes,Yes,1.0,409.0,409.0,409.0,409.0,409.0,409.0,1.0,0.0
2,1,8,when,24,Yes,Yes,1.0,200.0,200.0,200.0,200.0,200.0,200.0,1.0,0.0
2,1,8,large,25,Yes,Yes,1.0,0.0,0.0,0.0,0.0,0.0,0.0,0.0,0.0
2,1,8,amounts,26,Yes,Yes,1.0,1100.0,1100.0,1100.0,1100.0,1100.0,1100.0,1.0,0.0
2,1,8,of,27,Yes,Yes,1.0,189.0,189.0,189.0,189.0,189.0,189.0,1.0,0.0
2,1,8,water,28,Yes,Yes,1.0,400.0,400.0,400.0,400.0,400.0,400.0,1.0,0.0
2,1,8,and/or,29,Yes,Yes,1.0,412.0,412.0,412.0,412.0,412.0,412.0,1.0,0.0
2,1,8,salt,30,Yes,Yes,1.0,400.0,400.0,400.0,400.0,400.0,400.0,1.0,0.0
2,1,8,are,31,Yes,Yes,1.0,250.0,250.0,250.0,250.0,250.0,250.0,1.0,0.0
2,1,8,lost,32,Yes,Yes,1.0,188.0,188.0,188.0,188.0,188.0,188.0,1.0,0.0
2,1,8,through,33,Yes,Yes,1.0,363.0,363.0,363.0,363.0,363.0,363.0,1.0,0.0
2,1,8,excessive,34,Yes,Yes,1.0,498.0,498.0,498.0,498.0,498.0,498.0,1.0,0.0
2,1,8,sweating,35,Yes,Yes,1.0,352.0,352.0,352.0,352.0,352.0,352.0,1.0,0.0
2,1,8,following,36,Yes,Yes,1.0,437.0,437.0,437.0,437.0,437.0,437.0,1.0,0.0
2,1,8,strenuous,37,Yes,Yes,1.0,500.0,500.0,500.0,500.0,500.0,500.0,1.0,0.0
2,1,8,exercise.,38,Yes,Yes,1.0,364.0,364.0,364.0,364.0,364.0,364.0,1.0,0.0
2,1,8,When,39,Yes,Yes,1.0,435.0,435.0,435.0,435.0,435.0,435.0,1.0,0.0
2,1,8,the,40,Yes,Yes,1.0,201.0,201.0,201.0,201.0,201.0,201.0,1.0,0.0
2,1,8,body,41,Yes,Yes,1.0,200.0,200.0,200.0,200.0,200.0,200.0,1.0,0.0
2,1,8,becomes,42,Yes,Yes,1.0,601.0,601.0,601.0,601.0,601.0,601.0,1.0,0.0
2,1,8,overheated,43,Yes,Yes,1.0,999.0,999.0,999.0,999.0,999.0,999.0,1.0,0.0
2,1,8,and,44,Yes,Yes,1.0,0.0,0.0,0.0,0.0,0.0,0.0,0.0,0.0
2,1,8,cannot,45,Yes,Yes,1.0,400.0,400.0,400.0,400.0,400.0,400.0,1.0,0.0
2,1,8,eliminate,46,Yes,Yes,1.0,551.0,551.0,551.0,551.0,551.0,551.0,1.0,0.0
2,1,8,this,47,Yes,Yes,1.0,0.0,0.0,0.0,0.0,0.0,0.0,0.0,0.0
2,1,8,excess,48,Yes,Yes,1.0,551.0,551.0,551.0,551.0,551.0,551.0,1.0,0.0
2,1,8,"heat,",49,Yes,Yes,1.0,0.0,0.0,0.0,0.0,0.0,0.0,0.0,0.0
2,1,8,heat,50,Yes,Yes,1.0,400.0,400.0,400.0,400.0,400.0,400.0,1.0,0.0
2,1,8,exhaustion,51,Yes,Yes,1.0,651.0,651.0,651.0,651.0,651.0,651.0,1.0,0.0
2,1,8,and,52,Yes,Yes,1.0,250.0,250.0,250.0,250.0,250.0,250.0,1.0,0.0
2,1,8,heat,53,Yes,Yes,1.0,0.0,0.0,0.0,0.0,0.0,0.0,0.0,0.0
2,1,8,stroke,54,Yes,Yes,1.0,450.0,450.0,450.0,450.0,450.0,450.0,1.0,0.0
2,1,8,are,55,Yes,Yes,1.0,0.0,0.0,0.0,0.0,0.0,0.0,0.0,0.0
2,1,8,possible.,56,Yes,Yes,1.0,401.0,401.0,401.0,401.0,401.0,401.0,1.0,0.0
2,1,9,It,0,Yes,Yes,1.0,0.0,0.0,0.0,0.0,0.0,0.0,0.0,0.0
2,1,9,was,1,Yes,Yes,1.0,751.0,751.0,751.0,751.0,751.0,751.0,1.0,0.0
2,1,9,a,2,Yes,Yes,1.0,197.0,197.0,197.0,197.0,197.0,197.0,1.0,0.0
2,1,9,forbidding,3,Yes,Yes,1.0,596.0,596.0,596.0,596.0,596.0,596.0,1.0,0.0
2,1,9,"challenge,",4,Yes,Yes,1.0,595.0,595.0,595.0,595.0,595.0,595.0,1.0,0.0
2,1,9,and,5,Yes,Yes,1.0,0.0,0.0,0.0,0.0,0.0,0.0,0.0,0.0
2,1,9,it,6,Yes,Yes,1.0,0.0,0.0,0.0,0.0,0.0,0.0,0.0,0.0
2,1,9,says,7,Yes,Yes,1.0,504.0,891.0,504.0,504.0,504.0,504.0,1.0,0.0
2,1,9,much,8,Yes,Yes,1.0,610.0,813.0,610.0,813.0,813.0,1200.0,1.0,1.0
2,1,9,for,9,Yes,Yes,1.0,650.0,650.0,0.0,0.0,0.0,0.0,0.0,0.0
2,1,9,Winstanley's,10,Yes,Yes,1.0,636.0,2786.0,636.0,2786.0,2786.0,3436.0,1.0,1.0
2,1,9,persuasive,11,Yes,Yes,1.0,752.0,752.0,0.0,0.0,0.0,0.0,0.0,0.0
2,1,9,"abilities,",12,Yes,Yes,1.0,399.0,399.0,0.0,0.0,0.0,0.0,0.0,0.0
2,1,9,not,13,Yes,Yes,1.0,449.0,449.0,0.0,0.0,0.0,0.0,0.0,0.0
2,1,9,to,14,Yes,Yes,1.0,0.0,0.0,0.0,0.0,0.0,0.0,0.0,0.0
2,1,9,mention,15,Yes,Yes,1.0,751.0,751.0,0.0,0.0,0.0,0.0,0.0,0.0
2,1,9,his,16,Yes,Yes,1.0,251.0,251.0,0.0,0.0,0.0,0.0,0.0,0.0
2,1,9,"self-confidence,",17,Yes,Yes,1.0,1050.0,1050.0,0.0,0.0,0.0,0.0,0.0,0.0
2,1,9,that,18,Yes,Yes,1.0,350.0,350.0,0.0,0.0,0.0,0.0,0.0,0.0
2,1,9,the,19,Yes,Yes,1.0,200.0,200.0,0.0,0.0,0.0,0.0,0.0,0.0
2,1,9,admiralty,20,Yes,Yes,1.0,651.0,3096.0,0.0,0.0,0.0,0.0,0.0,0.0
2,1,9,agreed,21,Yes,Yes,1.0,299.0,757.0,0.0,0.0,0.0,0.0,0.0,0.0
2,1,9,to,22,Yes,Yes,1.0,699.0,699.0,699.0,699.0,699.0,8754.0,1.0,1.0
2,1,9,fund,23,Yes,Yes,1.0,401.0,401.0,401.0,401.0,401.0,401.0,1.0,0.0
2,1,9,him.,24,Yes,Yes,1.0,350.0,350.0,350.0,350.0,350.0,350.0,1.0,0.0
2,1,9,No,25,Yes,Yes,1.0,200.0,200.0,200.0,200.0,200.0,200.0,1.0,0.0
2,1,9,lighthouse,26,Yes,Yes,1.0,1052.0,1052.0,1052.0,1052.0,1052.0,1052.0,1.0,0.0
2,1,9,had,27,Yes,Yes,1.0,289.0,289.0,289.0,289.0,289.0,289.0,1.0,0.0
2,1,9,ever,28,Yes,Yes,1.0,300.0,300.0,300.0,300.0,300.0,300.0,1.0,0.0
2,1,9,been,29,Yes,Yes,1.0,300.0,300.0,300.0,300.0,300.0,300.0,1.0,0.0
2,1,9,built,30,Yes,Yes,1.0,0.0,0.0,0.0,0.0,0.0,0.0,0.0,0.0
2,1,9,out,31,Yes,Yes,1.0,350.0,350.0,350.0,350.0,350.0,350.0,1.0,0.0
2,1,9,to,32,Yes,Yes,1.0,201.0,201.0,201.0,201.0,201.0,201.0,1.0,0.0
2,1,9,sea,33,Yes,Yes,1.0,0.0,0.0,0.0,0.0,0.0,0.0,0.0,0.0
2,1,9,on,34,Yes,Yes,1.0,0.0,0.0,0.0,0.0,0.0,0.0,0.0,0.0
2,1,9,an,35,Yes,Yes,1.0,359.0,359.0,359.0,359.0,359.0,359.0,1.0,0.0
2,1,9,isolated,36,Yes,Yes,1.0,488.0,488.0,488.0,488.0,488.0,488.0,1.0,0.0
2,1,9,rock,37,Yes,Yes,1.0,512.0,512.0,512.0,512.0,512.0,512.0,1.0,0.0
2,1,9,before.,38,Yes,Yes,1.0,351.0,351.0,351.0,351.0,351.0,351.0,1.0,0.0
2,1,9,The,39,Yes,Yes,1.0,241.0,241.0,241.0,241.0,241.0,241.0,1.0,0.0
2,1,9,Eddystone,40,Yes,Yes,1.0,559.0,559.0,559.0,559.0,559.0,559.0,1.0,0.0
2,1,9,is,41,Yes,Yes,1.0,401.0,401.0,0.0,0.0,0.0,0.0,0.0,0.0
2,1,9,hard,42,Yes,Yes,1.0,250.0,600.0,250.0,600.0,600.0,1001.0,1.0,1.0
2,1,9,enough,43,Yes,Yes,1.0,353.0,353.0,353.0,353.0,353.0,353.0,1.0,0.0
2,1,9,to,44,Yes,Yes,1.0,0.0,0.0,0.0,0.0,0.0,0.0,0.0,0.0
2,1,9,"avoid,",45,Yes,Yes,1.0,448.0,448.0,448.0,448.0,448.0,448.0,1.0,0.0
2,1,9,but,46,Yes,Yes,1.0,0.0,0.0,0.0,0.0,0.0,0.0,0.0,0.0
2,1,9,landing,47,Yes,Yes,1.0,693.0,693.0,693.0,693.0,693.0,693.0,1.0,0.0
2,1,9,on,48,Yes,Yes,1.0,301.0,301.0,301.0,301.0,301.0,301.0,1.0,0.0
2,1,9,it,49,Yes,Yes,1.0,0.0,0.0,0.0,0.0,0.0,0.0,0.0,0.0
2,1,9,is,50,Yes,Yes,1.0,0.0,0.0,0.0,0.0,0.0,0.0,0.0,0.0
2,1,9,a,51,Yes,Yes,1.0,0.0,0.0,0.0,0.0,0.0,0.0,0.0,0.0
2,1,9,separate,52,Yes,Yes,1.0,600.0,600.0,600.0,600.0,600.0,600.0,1.0,0.0
2,1,9,challenge,53,Yes,Yes,1.0,351.0,351.0,351.0,351.0,351.0,351.0,1.0,0.0
2,1,9,entirely.,54,Yes,Yes,1.0,500.0,500.0,500.0,500.0,500.0,500.0,1.0,0.0
2,1,10,A,0,No,No,1.0,0.0,0.0,0.0,0.0,0.0,0.0,0.0,0.0
2,1,10,clergyman,1,No,No,1.0,600.0,600.0,600.0,600.0,600.0,600.0,1.0,0.0
2,1,10,remarked,2,No,No,1.0,461.0,461.0,461.0,461.0,461.0,461.0,1.0,0.0
2,1,10,to,3,No,No,1.0,0.0,0.0,0.0,0.0,0.0,0.0,0.0,0.0
2,1,10,"him,",4,No,No,1.0,201.0,201.0,201.0,201.0,201.0,201.0,1.0,0.0
2,1,10,"""The",5,No,No,1.0,238.0,238.0,238.0,238.0,238.0,238.0,1.0,0.0
2,1,10,Lord,6,No,No,1.0,401.0,401.0,401.0,401.0,401.0,401.0,1.0,0.0
2,1,10,is,7,No,No,1.0,0.0,0.0,0.0,0.0,0.0,0.0,0.0,0.0
2,1,10,on,8,No,No,1.0,487.0,487.0,0.0,0.0,0.0,0.0,0.0,0.0
2,1,10,our,9,No,No,1.0,0.0,0.0,0.0,0.0,0.0,0.0,0.0,0.0
2,1,10,"side.""",10,No,No,1.0,439.0,439.0,439.0,439.0,439.0,926.0,1.0,1.0
2,1,10,I,11,No,No,1.0,0.0,0.0,0.0,0.0,0.0,0.0,0.0,0.0
2,1,10,am,12,No,No,1.0,200.0,200.0,200.0,200.0,200.0,200.0,1.0,0.0
2,1,10,not,13,No,No,1.0,0.0,0.0,0.0,0.0,0.0,0.0,0.0,0.0
2,1,10,at,14,No,No,1.0,0.0,0.0,0.0,0.0,0.0,0.0,0.0,0.0
2,1,10,all,15,No,No,1.0,0.0,0.0,0.0,0.0,0.0,0.0,0.0,0.0
2,1,10,concerned,16,No,No,1.0,449.0,449.0,449.0,449.0,449.0,449.0,1.0,0.0
2,1,10,about,17,No,No,1.0,309.0,309.0,309.0,309.0,309.0,309.0,1.0,0.0
2,1,10,"that,",18,No,No,1.0,342.0,342.0,342.0,342.0,342.0,342.0,1.0,0.0
2,1,10,replied,19,No,No,1.0,350.0,350.0,350.0,350.0,350.0,350.0,1.0,0.0
2,1,10,Mr.,20,No,No,1.0,400.0,400.0,400.0,400.0,400.0,400.0,1.0,0.0
2,1,10,Lincoln;,21,No,No,1.0,650.0,650.0,650.0,650.0,650.0,650.0,1.0,0.0
2,1,10,"""for",22,No,No,1.0,300.0,300.0,300.0,300.0,300.0,300.0,1.0,0.0
2,1,10,I,23,No,No,1.0,0.0,0.0,0.0,0.0,0.0,0.0,0.0,0.0
2,1,10,know,24,No,No,1.0,250.0,250.0,250.0,250.0,250.0,250.0,1.0,0.0
2,1,10,that,25,No,No,1.0,0.0,0.0,0.0,0.0,0.0,0.0,0.0,0.0
2,1,10,the,26,No,No,1.0,200.0,200.0,200.0,200.0,200.0,200.0,1.0,0.0
2,1,10,Lord,27,No,No,1.0,551.0,551.0,551.0,551.0,551.0,551.0,1.0,0.0
2,1,10,is,28,No,No,1.0,0.0,0.0,0.0,0.0,0.0,0.0,0.0,0.0
2,1,10,always,29,No,No,1.0,0.0,0.0,0.0,0.0,0.0,0.0,0.0,0.0
2,1,10,on,30,No,No,1.0,250.0,250.0,250.0,250.0,250.0,250.0,1.0,0.0
2,1,10,the,31,No,No,1.0,0.0,0.0,0.0,0.0,0.0,0.0,0.0,0.0
2,1,10,side,32,No,No,1.0,0.0,0.0,0.0,0.0,0.0,0.0,0.0,0.0
2,1,10,of,33,No,No,1.0,299.0,299.0,299.0,299.0,299.0,299.0,1.0,0.0
2,1,10,the,34,No,No,1.0,0.0,0.0,0.0,0.0,0.0,0.0,0.0,0.0
2,1,10,right.,35,No,No,1.0,400.0,400.0,400.0,400.0,400.0,400.0,1.0,0.0
2,1,10,But,36,No,No,1.0,250.0,250.0,250.0,250.0,250.0,250.0,1.0,0.0
2,1,10,it,37,No,No,1.0,0.0,0.0,0.0,0.0,0.0,0.0,0.0,0.0
2,1,10,is,38,No,No,1.0,0.0,0.0,0.0,0.0,0.0,0.0,0.0,0.0
2,1,10,my,39,No,No,1.0,250.0,250.0,250.0,250.0,250.0,250.0,1.0,0.0
2,1,10,constant,40,No,No,1.0,550.0,550.0,550.0,550.0,550.0,550.0,1.0,0.0
2,1,10,anxiety,41,No,No,1.0,651.0,651.0,651.0,651.0,651.0,651.0,1.0,0.0
2,1,10,and,42,No,No,1.0,0.0,0.0,0.0,0.0,0.0,0.0,0.0,0.0
2,1,10,prayer,43,No,No,1.0,452.0,452.0,452.0,452.0,452.0,452.0,1.0,0.0
2,1,10,that,44,No,No,1.0,399.0,399.0,399.0,399.0,399.0,399.0,1.0,0.0
2,1,10,I,45,No,No,1.0,0.0,0.0,0.0,0.0,0.0,0.0,0.0,0.0
2,1,10,and,46,No,No,1.0,0.0,0.0,0.0,0.0,0.0,0.0,0.0,0.0
2,1,10,this,47,No,No,1.0,203.0,203.0,203.0,203.0,203.0,203.0,1.0,0.0
2,1,10,nation,48,No,No,1.0,448.0,448.0,448.0,448.0,448.0,448.0,1.0,0.0
2,1,10,should,49,No,No,1.0,250.0,250.0,250.0,250.0,250.0,250.0,1.0,0.0
2,1,10,be,50,No,No,1.0,0.0,0.0,0.0,0.0,0.0,0.0,0.0,0.0
2,1,10,on,51,No,No,1.0,251.0,251.0,251.0,251.0,251.0,251.0,1.0,0.0
2,1,10,the,52,No,No,1.0,249.0,249.0,249.0,249.0,249.0,249.0,1.0,0.0
2,1,10,Lord's,53,No,No,1.0,550.0,550.0,550.0,550.0,550.0,550.0,1.0,0.0
2,1,10,"side.""",54,No,No,1.0,701.0,701.0,701.0,701.0,701.0,701.0,1.0,0.0
2,1,11,Known,0,No,No,1.0,1501.0,1501.0,1501.0,1501.0,1501.0,1501.0,1.0,0.0
2,1,11,as,1,No,No,1.0,0.0,0.0,0.0,0.0,0.0,0.0,0.0,0.0
2,1,11,Rapa,2,No,No,1.0,400.0,400.0,400.0,400.0,400.0,400.0,1.0,0.0
2,1,11,Nui,3,No,No,1.0,251.0,251.0,251.0,251.0,251.0,251.0,1.0,0.0
2,1,11,to,4,No,No,1.0,0.0,0.0,0.0,0.0,0.0,0.0,0.0,0.0
2,1,11,the,5,No,No,1.0,252.0,252.0,252.0,252.0,252.0,252.0,1.0,0.0
2,1,11,island's,6,No,No,1.0,491.0,491.0,491.0,491.0,491.0,491.0,1.0,0.0
2,1,11,"inhabitants,",7,No,No,1.0,660.0,660.0,660.0,660.0,660.0,660.0,1.0,0.0
2,1,11,Rongorongo,8,No,No,1.0,739.0,739.0,739.0,739.0,739.0,739.0,1.0,0.0
2,1,11,is,9,No,No,1.0,0.0,0.0,0.0,0.0,0.0,0.0,0.0,0.0
2,1,11,a,10,No,No,1.0,0.0,0.0,0.0,0.0,0.0,0.0,0.0,0.0
2,1,11,writing,11,No,No,1.0,601.0,601.0,601.0,601.0,601.0,601.0,1.0,0.0
2,1,11,system,12,No,No,1.0,250.0,250.0,250.0,250.0,250.0,250.0,1.0,0.0
2,1,11,comprised,13,No,No,1.0,1203.0,1852.0,1203.0,1203.0,1203.0,1203.0,1.0,0.0
2,1,11,of,14,No,No,1.0,0.0,0.0,0.0,0.0,0.0,0.0,0.0,0.0
2,1,11,pictographs.,15,No,No,1.0,1801.0,2250.0,1801.0,2250.0,2250.0,2899.0,1.0,1.0
2,1,11,It,16,No,No,1.0,0.0,0.0,0.0,0.0,0.0,0.0,0.0,0.0
2,1,11,has,17,No,No,1.0,0.0,0.0,0.0,0.0,0.0,0.0,0.0,0.0
2,1,11,been,18,No,No,1.0,500.0,500.0,500.0,500.0,500.0,500.0,1.0,0.0
2,1,11,found,19,No,No,1.0,0.0,0.0,0.0,0.0,0.0,0.0,0.0,0.0
2,1,11,carved,20,No,No,1.0,649.0,649.0,649.0,649.0,649.0,649.0,1.0,0.0
2,1,11,into,21,No,No,1.0,0.0,0.0,0.0,0.0,0.0,0.0,0.0,0.0
2,1,11,many,22,No,No,1.0,200.0,200.0,200.0,200.0,200.0,200.0,1.0,0.0
2,1,11,oblong,23,No,No,1.0,350.0,350.0,350.0,350.0,350.0,350.0,1.0,0.0
2,1,11,wooden,24,No,No,1.0,601.0,601.0,601.0,601.0,601.0,601.0,1.0,0.0
2,1,11,tablets,25,No,No,1.0,651.0,651.0,651.0,651.0,651.0,651.0,1.0,0.0
2,1,11,and,26,No,No,1.0,250.0,250.0,250.0,250.0,250.0,250.0,1.0,0.0
2,1,11,other,27,No,No,1.0,400.0,400.0,400.0,400.0,400.0,400.0,1.0,0.0
2,1,11,artifacts,28,No,No,1.0,451.0,451.0,451.0,451.0,451.0,451.0,1.0,0.0
2,1,11,from,29,No,No,1.0,251.0,251.0,251.0,251.0,251.0,251.0,1.0,0.0
2,1,11,the,30,No,No,1.0,0.0,0.0,0.0,0.0,0.0,0.0,0.0,0.0
2,1,11,island's,31,No,No,1.0,350.0,350.0,350.0,350.0,350.0,350.0,1.0,0.0
2,1,11,history.,32,No,No,1.0,200.0,200.0,200.0,200.0,200.0,200.0,1.0,0.0
2,1,11,The,33,No,No,1.0,0.0,0.0,0.0,0.0,0.0,0.0,0.0,0.0
2,1,11,art,34,No,No,1.0,250.0,854.0,0.0,0.0,0.0,0.0,0.0,0.0
2,1,11,of,35,No,No,1.0,350.0,350.0,350.0,350.0,350.0,600.0,1.0,1.0
2,1,11,writing,36,No,No,1.0,308.0,560.0,308.0,560.0,560.0,1164.0,1.0,1.0
2,1,11,was,37,No,No,1.0,247.0,247.0,247.0,247.0,247.0,247.0,1.0,0.0
2,1,11,not,38,No,No,1.0,0.0,0.0,0.0,0.0,0.0,0.0,0.0,0.0
2,1,11,known,39,No,No,1.0,300.0,300.0,300.0,300.0,300.0,300.0,1.0,0.0
2,1,11,in,40,No,No,1.0,195.0,195.0,0.0,0.0,0.0,0.0,0.0,0.0
2,1,11,any,41,No,No,1.0,400.0,655.0,400.0,655.0,655.0,850.0,1.0,1.0
2,1,11,nearby,42,No,No,1.0,598.0,598.0,598.0,598.0,598.0,598.0,1.0,0.0
2,1,11,islands,43,No,No,1.0,496.0,496.0,496.0,496.0,496.0,496.0,1.0,0.0
2,1,11,and,44,No,No,1.0,352.0,352.0,352.0,352.0,352.0,352.0,1.0,0.0
2,1,11,the,45,No,No,1.0,295.0,295.0,295.0,295.0,295.0,295.0,1.0,0.0
2,1,11,script's,46,No,No,1.0,411.0,411.0,411.0,411.0,411.0,411.0,1.0,0.0
2,1,11,mere,47,No,No,1.0,341.0,341.0,341.0,341.0,341.0,341.0,1.0,0.0
2,1,11,existence,48,No,No,1.0,510.0,510.0,510.0,510.0,510.0,510.0,1.0,0.0
2,1,11,is,49,No,No,1.0,0.0,0.0,0.0,0.0,0.0,0.0,0.0,0.0
2,1,11,sufficient,50,No,No,1.0,600.0,600.0,600.0,600.0,600.0,600.0,1.0,0.0
2,1,11,to,51,No,No,1.0,0.0,0.0,0.0,0.0,0.0,0.0,0.0,0.0
2,1,11,confound,52,No,No,1.0,400.0,400.0,400.0,400.0,400.0,400.0,1.0,0.0
2,1,11,anthropologists.,53,No,No,1.0,0.0,0.0,0.0,0.0,0.0,0.0,0.0,0.0
2,1,12,Some,0,Yes,Yes,1.0,999.0,999.0,999.0,999.0,999.0,999.0,1.0,0.0
2,1,12,months,1,Yes,Yes,1.0,401.0,401.0,401.0,401.0,401.0,401.0,1.0,0.0
2,1,12,"later,",2,Yes,Yes,1.0,250.0,250.0,250.0,250.0,250.0,250.0,1.0,0.0
2,1,12,Michael,3,Yes,Yes,1.0,851.0,851.0,851.0,851.0,851.0,851.0,1.0,0.0
2,1,12,Larson,4,Yes,Yes,1.0,1050.0,1050.0,1050.0,1050.0,1050.0,1050.0,1.0,0.0
2,1,12,saw,5,Yes,Yes,1.0,0.0,0.0,0.0,0.0,0.0,0.0,0.0,0.0
2,1,12,another,6,Yes,Yes,1.0,540.0,540.0,540.0,540.0,540.0,540.0,1.0,0.0
2,1,12,opportunity,7,Yes,Yes,1.0,0.0,0.0,0.0,0.0,0.0,0.0,0.0,0.0
2,1,12,to,8,Yes,Yes,1.0,0.0,0.0,0.0,0.0,0.0,0.0,0.0,0.0
2,1,12,stack,9,Yes,Yes,1.0,511.0,511.0,511.0,511.0,511.0,511.0,1.0,0.0
2,1,12,the,10,Yes,Yes,1.0,200.0,200.0,200.0,200.0,200.0,200.0,1.0,0.0
2,1,12,odds,11,Yes,Yes,1.0,287.0,287.0,287.0,287.0,287.0,287.0,1.0,0.0
2,1,12,in,12,Yes,Yes,1.0,251.0,251.0,251.0,251.0,251.0,251.0,1.0,0.0
2,1,12,his,13,Yes,Yes,1.0,0.0,0.0,0.0,0.0,0.0,0.0,0.0,0.0
2,1,12,favor,14,Yes,Yes,1.0,496.0,496.0,496.0,496.0,496.0,496.0,1.0,0.0
2,1,12,with,15,Yes,Yes,1.0,256.0,256.0,256.0,256.0,256.0,256.0,1.0,0.0
2,1,12,a,16,Yes,Yes,1.0,0.0,0.0,0.0,0.0,0.0,0.0,0.0,0.0
2,1,12,dash,17,Yes,Yes,1.0,300.0,300.0,300.0,300.0,300.0,300.0,1.0,0.0
2,1,12,of,18,Yes,Yes,1.0,203.0,203.0,203.0,203.0,203.0,203.0,1.0,0.0
2,1,12,ingenuity.,19,Yes,Yes,1.0,362.0,362.0,362.0,362.0,362.0,362.0,1.0,0.0
2,1,12,He,20,Yes,Yes,1.0,285.0,285.0,285.0,285.0,285.0,285.0,1.0,0.0
2,1,12,walked,21,Yes,Yes,1.0,401.0,401.0,401.0,401.0,401.0,401.0,1.0,0.0
2,1,12,into,22,Yes,Yes,1.0,249.0,249.0,249.0,249.0,249.0,249.0,1.0,0.0
2,1,12,his,23,Yes,Yes,1.0,0.0,0.0,0.0,0.0,0.0,0.0,0.0,0.0
2,1,12,bank,24,Yes,Yes,1.0,251.0,251.0,251.0,251.0,251.0,251.0,1.0,0.0
2,1,12,one,25,Yes,Yes,1.0,0.0,0.0,0.0,0.0,0.0,0.0,0.0,0.0
2,1,12,day,26,Yes,Yes,1.0,349.0,349.0,349.0,349.0,349.0,349.0,1.0,0.0
2,1,12,and,27,Yes,Yes,1.0,0.0,0.0,0.0,0.0,0.0,0.0,0.0,0.0
2,1,12,asked,28,Yes,Yes,1.0,551.0,551.0,551.0,551.0,551.0,551.0,1.0,0.0
2,1,12,to,29,Yes,Yes,1.0,0.0,0.0,0.0,0.0,0.0,0.0,0.0,0.0
2,1,12,withdraw,30,Yes,Yes,1.0,500.0,500.0,500.0,500.0,500.0,500.0,1.0,0.0
2,1,12,his,31,Yes,Yes,1.0,201.0,201.0,201.0,201.0,201.0,201.0,1.0,0.0
2,1,12,entire,32,Yes,Yes,1.0,600.0,600.0,600.0,600.0,600.0,600.0,1.0,0.0
2,1,12,account,33,Yes,Yes,1.0,350.0,350.0,350.0,350.0,350.0,350.0,1.0,0.0
2,1,12,"balance,",34,Yes,Yes,1.0,1301.0,1301.0,1301.0,1301.0,1301.0,1301.0,1.0,0.0
2,1,12,but,35,Yes,Yes,1.0,0.0,0.0,0.0,0.0,0.0,0.0,0.0,0.0
2,1,12,with,36,Yes,Yes,1.0,0.0,0.0,0.0,0.0,0.0,0.0,0.0,0.0
2,1,12,an,37,Yes,Yes,1.0,0.0,0.0,0.0,0.0,0.0,0.0,0.0,0.0
2,1,12,unusual,38,Yes,Yes,1.0,500.0,500.0,500.0,500.0,500.0,500.0,1.0,0.0
2,1,12,stipulation:,39,Yes,Yes,1.0,550.0,550.0,550.0,550.0,550.0,550.0,1.0,0.0
2,1,12,He,40,Yes,Yes,1.0,251.0,251.0,251.0,251.0,251.0,251.0,1.0,0.0
2,1,12,wanted,41,Yes,Yes,1.0,300.0,300.0,300.0,300.0,300.0,300.0,1.0,0.0
2,1,12,as,42,Yes,Yes,1.0,250.0,250.0,250.0,250.0,250.0,250.0,1.0,0.0
2,1,12,much,43,Yes,Yes,1.0,552.0,552.0,552.0,552.0,552.0,552.0,1.0,0.0
2,1,12,of,44,Yes,Yes,1.0,0.0,0.0,0.0,0.0,0.0,0.0,0.0,0.0
2,1,12,the,45,Yes,Yes,1.0,250.0,250.0,250.0,250.0,250.0,250.0,1.0,0.0
2,1,12,cash,46,Yes,Yes,1.0,351.0,351.0,351.0,351.0,351.0,351.0,1.0,0.0
2,1,12,as,47,Yes,Yes,1.0,0.0,0.0,0.0,0.0,0.0,0.0,0.0,0.0
2,1,12,possible,48,Yes,Yes,1.0,407.0,407.0,407.0,407.0,407.0,407.0,1.0,0.0
2,1,12,in,49,Yes,Yes,1.0,0.0,0.0,0.0,0.0,0.0,0.0,0.0,0.0
2,1,12,one,50,Yes,Yes,1.0,250.0,250.0,250.0,250.0,250.0,250.0,1.0,0.0
2,1,12,dollar,51,Yes,Yes,1.0,351.0,351.0,351.0,351.0,351.0,351.0,1.0,0.0
2,1,12,notes.,52,Yes,Yes,1.0,550.0,550.0,550.0,550.0,550.0,550.0,1.0,0.0
2,1,13,Bob,0,Yes,Yes,1.0,640.0,640.0,640.0,640.0,640.0,640.0,1.0,0.0
2,1,13,"Murphy,",1,Yes,Yes,1.0,462.0,462.0,462.0,462.0,462.0,462.0,1.0,0.0
2,1,13,the,2,Yes,Yes,1.0,0.0,0.0,0.0,0.0,0.0,0.0,0.0,0.0
2,1,13,Senior,3,Yes,Yes,1.0,300.0,300.0,300.0,300.0,300.0,300.0,1.0,0.0
2,1,13,PGA,4,Yes,Yes,1.0,700.0,700.0,700.0,700.0,700.0,700.0,1.0,0.0
2,1,13,Tour,5,Yes,Yes,1.0,0.0,0.0,0.0,0.0,0.0,0.0,0.0,0.0
2,1,13,money,6,Yes,Yes,1.0,698.0,698.0,698.0,698.0,698.0,698.0,1.0,0.0
2,1,13,leader,7,Yes,Yes,1.0,302.0,302.0,302.0,302.0,302.0,302.0,1.0,0.0
2,1,13,with,8,Yes,Yes,1.0,548.0,548.0,548.0,548.0,548.0,548.0,1.0,0.0
2,1,13,seven,9,Yes,Yes,1.0,299.0,299.0,299.0,299.0,299.0,299.0,1.0,0.0
2,1,13,hundred,10,Yes,Yes,1.0,500.0,500.0,500.0,500.0,500.0,500.0,1.0,0.0
2,1,13,"thousand,",11,Yes,Yes,1.0,301.0,301.0,301.0,301.0,301.0,301.0,1.0,0.0
2,1,13,says,12,Yes,Yes,1.0,400.0,400.0,0.0,0.0,0.0,0.0,0.0,0.0
2,1,13,heat,13,Yes,Yes,1.0,299.0,299.0,0.0,0.0,0.0,0.0,0.0,0.0
2,1,13,shouldn't,14,Yes,Yes,1.0,200.0,550.0,200.0,550.0,550.0,1249.0,1.0,1.0
2,1,13,be,15,Yes,Yes,1.0,250.0,250.0,250.0,250.0,250.0,250.0,1.0,0.0
2,1,13,a,16,Yes,Yes,1.0,0.0,0.0,0.0,0.0,0.0,0.0,0.0,0.0
2,1,13,factor.,17,Yes,Yes,1.0,449.0,449.0,449.0,449.0,449.0,449.0,1.0,0.0
2,1,13,"""I",18,Yes,Yes,1.0,0.0,0.0,0.0,0.0,0.0,0.0,0.0,0.0
2,1,13,don't,19,Yes,Yes,1.0,450.0,450.0,450.0,450.0,450.0,450.0,1.0,0.0
2,1,13,think,20,Yes,Yes,1.0,0.0,0.0,0.0,0.0,0.0,0.0,0.0,0.0
2,1,13,you're,21,Yes,Yes,1.0,451.0,451.0,451.0,451.0,451.0,451.0,1.0,0.0
2,1,13,going,22,Yes,Yes,1.0,200.0,200.0,200.0,200.0,200.0,200.0,1.0,0.0
2,1,13,to,23,Yes,Yes,1.0,0.0,0.0,0.0,0.0,0.0,0.0,0.0,0.0
2,1,13,have,24,Yes,Yes,1.0,301.0,301.0,301.0,301.0,301.0,301.0,1.0,0.0
2,1,13,a,25,Yes,Yes,1.0,0.0,0.0,0.0,0.0,0.0,0.0,0.0,0.0
2,1,13,heat,26,Yes,Yes,1.0,551.0,551.0,551.0,551.0,551.0,551.0,1.0,0.0
2,1,13,wave,27,Yes,Yes,1.0,250.0,250.0,250.0,250.0,250.0,250.0,1.0,0.0
2,1,13,I'm,28,Yes,Yes,1.0,350.0,350.0,350.0,350.0,350.0,350.0,1.0,0.0
2,1,13,not,29,Yes,Yes,1.0,400.0,400.0,400.0,400.0,400.0,400.0,1.0,0.0
2,1,13,going,30,Yes,Yes,1.0,250.0,250.0,250.0,250.0,250.0,250.0,1.0,0.0
2,1,13,to,31,Yes,Yes,1.0,0.0,0.0,0.0,0.0,0.0,0.0,0.0,0.0
2,1,13,be,32,Yes,Yes,1.0,0.0,0.0,0.0,0.0,0.0,0.0,0.0,0.0
2,1,13,able,33,Yes,Yes,1.0,450.0,450.0,450.0,450.0,450.0,450.0,1.0,0.0
2,1,13,to,34,Yes,Yes,1.0,297.0,297.0,297.0,297.0,297.0,297.0,1.0,0.0
2,1,13,"handle,""",35,Yes,Yes,1.0,1855.0,1855.0,1855.0,1855.0,1855.0,1855.0,1.0,0.0
2,1,13,he,36,Yes,Yes,1.0,0.0,0.0,0.0,0.0,0.0,0.0,0.0,0.0
2,1,13,said.,37,Yes,Yes,1.0,0.0,0.0,0.0,0.0,0.0,0.0,0.0,0.0
2,1,13,"""Everybody",38,Yes,Yes,1.0,652.0,652.0,652.0,652.0,652.0,652.0,1.0,0.0
2,1,13,treats,39,Yes,Yes,1.0,349.0,349.0,349.0,349.0,349.0,349.0,1.0,0.0
2,1,13,it,40,Yes,Yes,1.0,0.0,0.0,0.0,0.0,0.0,0.0,0.0,0.0
2,1,13,differently.,41,Yes,Yes,1.0,599.0,599.0,599.0,599.0,599.0,599.0,1.0,0.0
2,1,13,My,42,Yes,Yes,1.0,351.0,351.0,351.0,351.0,351.0,351.0,1.0,0.0
2,1,13,son,43,Yes,Yes,1.0,0.0,0.0,0.0,0.0,0.0,0.0,0.0,0.0
2,1,13,"Ronnie,",44,Yes,Yes,1.0,651.0,651.0,651.0,651.0,651.0,651.0,1.0,0.0
2,1,13,his,45,Yes,Yes,1.0,0.0,0.0,0.0,0.0,0.0,0.0,0.0,0.0
2,1,13,"caddie,",46,Yes,Yes,1.0,890.0,890.0,890.0,890.0,890.0,890.0,1.0,0.0
2,1,13,and,47,Yes,Yes,1.0,262.0,262.0,262.0,262.0,262.0,262.0,1.0,0.0
2,1,13,I,48,Yes,Yes,1.0,0.0,0.0,0.0,0.0,0.0,0.0,0.0,0.0
2,1,13,won't,49,Yes,Yes,1.0,338.0,1036.0,338.0,338.0,338.0,338.0,1.0,0.0
2,1,13,be,50,Yes,Yes,1.0,0.0,0.0,0.0,0.0,0.0,0.0,0.0,0.0
2,1,13,riding,51,Yes,Yes,1.0,350.0,751.0,350.0,350.0,350.0,350.0,1.0,0.0
2,1,13,carts.,52,Yes,Yes,1.0,451.0,451.0,451.0,451.0,451.0,1550.0,1.0,1.0
2,1,14,With,0,Yes,Yes,1.0,600.0,600.0,600.0,600.0,600.0,600.0,1.0,0.0
2,1,14,schools,1,Yes,Yes,1.0,501.0,501.0,501.0,501.0,501.0,501.0,1.0,0.0
2,1,14,still,2,Yes,Yes,1.0,801.0,801.0,801.0,801.0,801.0,801.0,1.0,0.0
2,1,14,"closed,",3,Yes,Yes,1.0,250.0,250.0,250.0,250.0,250.0,250.0,1.0,0.0
2,1,14,cars,4,Yes,Yes,1.0,492.0,492.0,0.0,0.0,0.0,0.0,0.0,0.0
2,1,14,still,5,Yes,Yes,1.0,651.0,907.0,0.0,0.0,0.0,0.0,0.0,0.0
2,1,14,buried,6,Yes,Yes,1.0,200.0,695.0,200.0,695.0,695.0,2094.0,1.0,1.0
2,1,14,and,7,Yes,Yes,1.0,358.0,358.0,358.0,358.0,358.0,358.0,1.0,0.0
2,1,14,streets,8,Yes,Yes,1.0,0.0,0.0,0.0,0.0,0.0,0.0,0.0,0.0
2,1,14,still,9,Yes,Yes,1.0,252.0,252.0,252.0,252.0,252.0,252.0,1.0,0.0
2,1,14,blocked,10,Yes,Yes,1.0,199.0,199.0,199.0,199.0,199.0,199.0,1.0,0.0
2,1,14,by,11,Yes,Yes,1.0,0.0,0.0,0.0,0.0,0.0,0.0,0.0,0.0
2,1,14,the,12,Yes,Yes,1.0,0.0,0.0,0.0,0.0,0.0,0.0,0.0,0.0
2,1,14,widespread,13,Yes,Yes,1.0,649.0,649.0,649.0,649.0,649.0,649.0,1.0,0.0
2,1,14,weekend,14,Yes,Yes,1.0,444.0,444.0,444.0,444.0,444.0,444.0,1.0,0.0
2,1,14,"snowstorm,",15,Yes,Yes,1.0,696.0,696.0,696.0,696.0,696.0,696.0,1.0,0.0
2,1,14,officials,16,Yes,Yes,1.0,411.0,411.0,411.0,411.0,411.0,411.0,1.0,0.0
2,1,14,are,17,Yes,Yes,1.0,0.0,0.0,0.0,0.0,0.0,0.0,0.0,0.0
2,1,14,asking,18,Yes,Yes,1.0,289.0,289.0,289.0,289.0,289.0,289.0,1.0,0.0
2,1,14,people,19,Yes,Yes,1.0,248.0,248.0,248.0,248.0,248.0,248.0,1.0,0.0
2,1,14,to,20,Yes,Yes,1.0,0.0,0.0,0.0,0.0,0.0,0.0,0.0,0.0
2,1,14,pick,21,Yes,Yes,1.0,337.0,337.0,337.0,337.0,337.0,337.0,1.0,0.0
2,1,14,up,22,Yes,Yes,1.0,0.0,0.0,0.0,0.0,0.0,0.0,0.0,0.0
2,1,14,a,23,Yes,Yes,1.0,202.0,202.0,202.0,202.0,202.0,202.0,1.0,0.0
2,1,14,shovel,24,Yes,Yes,1.0,399.0,399.0,399.0,399.0,399.0,399.0,1.0,0.0
2,1,14,and,25,Yes,Yes,1.0,163.0,163.0,163.0,163.0,163.0,163.0,1.0,0.0
2,1,14,help,26,Yes,Yes,1.0,236.0,236.0,236.0,236.0,236.0,236.0,1.0,0.0
2,1,14,out.,27,Yes,Yes,1.0,450.0,450.0,450.0,450.0,450.0,450.0,1.0,0.0
2,1,14,In,28,Yes,Yes,1.0,0.0,0.0,0.0,0.0,0.0,0.0,0.0,0.0
2,1,14,"Boston,",29,Yes,Yes,1.0,599.0,599.0,0.0,0.0,0.0,0.0,0.0,0.0
2,1,14,a,30,Yes,Yes,1.0,0.0,0.0,0.0,0.0,0.0,0.0,0.0,0.0
2,1,14,"""snow",31,Yes,Yes,1.0,501.0,501.0,0.0,0.0,0.0,0.0,0.0,0.0
2,1,14,"angel""",32,Yes,Yes,1.0,549.0,549.0,0.0,0.0,0.0,0.0,0.0,0.0
2,1,14,campaign,33,Yes,Yes,1.0,651.0,651.0,0.0,0.0,0.0,0.0,0.0,0.0
2,1,14,is,34,Yes,Yes,1.0,0.0,0.0,0.0,0.0,0.0,0.0,0.0,0.0
2,1,14,using,35,Yes,Yes,1.0,350.0,350.0,0.0,0.0,0.0,0.0,0.0,0.0
2,1,14,social,36,Yes,Yes,1.0,250.0,250.0,0.0,0.0,0.0,0.0,0.0,0.0
2,1,14,media,37,Yes,Yes,1.0,551.0,551.0,0.0,0.0,0.0,0.0,0.0,0.0
2,1,14,to,38,Yes,Yes,1.0,0.0,0.0,0.0,0.0,0.0,0.0,0.0,0.0
2,1,14,encourage,39,Yes,Yes,1.0,350.0,350.0,0.0,0.0,0.0,0.0,0.0,0.0
2,1,14,neighbors,40,Yes,Yes,1.0,701.0,701.0,0.0,0.0,0.0,0.0,0.0,0.0
2,1,14,and,41,Yes,Yes,1.0,250.0,250.0,0.0,0.0,0.0,0.0,0.0,0.0
2,1,14,friends,42,Yes,Yes,1.0,450.0,450.0,0.0,0.0,0.0,0.0,0.0,0.0
2,1,14,to,43,Yes,Yes,1.0,200.0,200.0,200.0,200.0,200.0,5402.0,1.0,1.0
2,1,14,be,44,Yes,Yes,1.0,550.0,550.0,0.0,0.0,0.0,0.0,0.0,0.0
2,1,14,an,45,Yes,Yes,1.0,261.0,261.0,261.0,261.0,261.0,261.0,1.0,0.0
2,1,14,angel,46,Yes,Yes,1.0,440.0,440.0,440.0,440.0,440.0,440.0,1.0,0.0
2,1,14,and,47,Yes,Yes,1.0,0.0,0.0,0.0,0.0,0.0,0.0,0.0,0.0
2,1,14,help,48,Yes,Yes,1.0,300.0,300.0,300.0,300.0,300.0,850.0,1.0,1.0
2,1,14,dig,49,Yes,Yes,1.0,301.0,301.0,301.0,301.0,301.0,301.0,1.0,0.0
2,1,14,out,50,Yes,Yes,1.0,0.0,0.0,0.0,0.0,0.0,0.0,0.0,0.0
2,1,14,the,51,Yes,Yes,1.0,0.0,0.0,0.0,0.0,0.0,0.0,0.0,0.0
2,1,14,stranded.,52,Yes,Yes,1.0,454.0,454.0,454.0,454.0,454.0,454.0,1.0,0.0
2,1,15,Greg,0,Yes,Yes,1.0,600.0,600.0,600.0,600.0,600.0,600.0,1.0,0.0
2,1,15,"Anderson,",1,Yes,Yes,1.0,1148.0,1148.0,1148.0,1148.0,1148.0,1148.0,1.0,0.0
2,1,15,considered,2,Yes,Yes,1.0,651.0,651.0,651.0,651.0,651.0,651.0,1.0,0.0
2,1,15,a,3,Yes,Yes,1.0,0.0,0.0,0.0,0.0,0.0,0.0,0.0,0.0
2,1,15,key,4,Yes,Yes,1.0,351.0,351.0,351.0,351.0,351.0,351.0,1.0,0.0
2,1,15,witness,5,Yes,Yes,1.0,448.0,448.0,448.0,448.0,448.0,448.0,1.0,0.0
2,1,15,by,6,Yes,Yes,1.0,200.0,200.0,200.0,200.0,200.0,200.0,1.0,0.0
2,1,15,the,7,Yes,Yes,1.0,0.0,0.0,0.0,0.0,0.0,0.0,0.0,0.0
2,1,15,"prosecution,",8,Yes,Yes,1.0,651.0,651.0,651.0,651.0,651.0,651.0,1.0,0.0
2,1,15,vowed,9,Yes,Yes,1.0,300.0,1102.0,300.0,300.0,300.0,300.0,1.0,0.0
2,1,15,he,10,Yes,Yes,1.0,0.0,0.0,0.0,0.0,0.0,0.0,0.0,0.0
2,1,15,wouldn't,11,Yes,Yes,1.0,552.0,552.0,552.0,552.0,552.0,1354.0,1.0,1.0
2,1,15,testify,12,Yes,Yes,1.0,500.0,500.0,500.0,500.0,500.0,500.0,1.0,0.0
2,1,15,when,13,Yes,Yes,1.0,300.0,300.0,300.0,300.0,300.0,300.0,1.0,0.0
2,1,15,served,14,Yes,Yes,1.0,0.0,0.0,0.0,0.0,0.0,0.0,0.0,0.0
2,1,15,a,15,Yes,Yes,1.0,201.0,201.0,201.0,201.0,201.0,201.0,1.0,0.0
2,1,15,subpoena,16,Yes,Yes,1.0,399.0,399.0,399.0,399.0,399.0,399.0,1.0,0.0
2,1,15,last,17,Yes,Yes,1.0,346.0,346.0,346.0,346.0,346.0,346.0,1.0,0.0
2,1,15,week.,18,Yes,Yes,1.0,204.0,204.0,204.0,204.0,204.0,204.0,1.0,0.0
2,1,15,His,19,Yes,Yes,1.0,251.0,251.0,251.0,251.0,251.0,251.0,1.0,0.0
2,1,15,lawyers,20,Yes,Yes,1.0,350.0,350.0,350.0,350.0,350.0,350.0,1.0,0.0
2,1,15,said,21,Yes,Yes,1.0,0.0,0.0,0.0,0.0,0.0,0.0,0.0,0.0
2,1,15,he,22,Yes,Yes,1.0,0.0,0.0,0.0,0.0,0.0,0.0,0.0,0.0
2,1,15,was,23,Yes,Yes,1.0,0.0,0.0,0.0,0.0,0.0,0.0,0.0,0.0
2,1,15,prepared,24,Yes,Yes,1.0,601.0,601.0,601.0,601.0,601.0,601.0,1.0,0.0
2,1,15,for,25,Yes,Yes,1.0,0.0,0.0,0.0,0.0,0.0,0.0,0.0,0.0
2,1,15,a,26,Yes,Yes,1.0,300.0,300.0,300.0,300.0,300.0,300.0,1.0,0.0
2,1,15,third,27,Yes,Yes,1.0,400.0,897.0,400.0,400.0,400.0,400.0,1.0,0.0
2,1,15,prison,28,Yes,Yes,1.0,351.0,1303.0,351.0,351.0,351.0,351.0,1.0,0.0
2,1,15,stay,29,Yes,Yes,1.0,302.0,694.0,302.0,302.0,302.0,302.0,1.0,0.0
2,1,15,to,30,Yes,Yes,1.0,0.0,0.0,0.0,0.0,0.0,0.0,0.0,0.0
2,1,15,maintain,31,Yes,Yes,1.0,449.0,841.0,449.0,449.0,449.0,449.0,1.0,0.0
2,1,15,his,32,Yes,Yes,1.0,200.0,658.0,200.0,658.0,658.0,2891.0,1.0,1.0
2,1,15,silence.,33,Yes,Yes,1.0,341.0,341.0,341.0,341.0,341.0,341.0,1.0,0.0
2,1,15,Anderson,34,Yes,Yes,1.0,600.0,600.0,600.0,600.0,600.0,600.0,1.0,0.0
2,1,15,was,35,Yes,Yes,1.0,0.0,0.0,0.0,0.0,0.0,0.0,0.0,0.0
2,1,15,released,36,Yes,Yes,1.0,446.0,446.0,446.0,446.0,446.0,446.0,1.0,0.0
2,1,15,July,37,Yes,Yes,1.0,0.0,0.0,0.0,0.0,0.0,0.0,0.0,0.0
2,1,15,20,38,Yes,Yes,1.0,289.0,289.0,289.0,289.0,289.0,289.0,1.0,0.0
2,1,15,after,39,Yes,Yes,1.0,411.0,411.0,411.0,411.0,411.0,411.0,1.0,0.0
2,1,15,a,40,Yes,Yes,1.0,341.0,341.0,341.0,341.0,341.0,341.0,1.0,0.0
2,1,15,two-week,41,Yes,Yes,1.0,600.0,600.0,600.0,600.0,600.0,600.0,1.0,0.0
2,1,15,stay,42,Yes,Yes,1.0,360.0,360.0,360.0,360.0,360.0,360.0,1.0,0.0
2,1,15,for,43,Yes,Yes,1.0,239.0,239.0,239.0,239.0,239.0,239.0,1.0,0.0
2,1,15,previously,44,Yes,Yes,1.0,752.0,752.0,752.0,752.0,752.0,752.0,1.0,0.0
2,1,15,declining,45,Yes,Yes,1.0,1346.0,1346.0,1346.0,1346.0,1346.0,1346.0,1.0,0.0
2,1,15,to,46,Yes,Yes,1.0,0.0,0.0,0.0,0.0,0.0,0.0,0.0,0.0
2,1,15,testify,47,Yes,Yes,1.0,201.0,201.0,201.0,201.0,201.0,201.0,1.0,0.0
2,1,15,before,48,Yes,Yes,1.0,400.0,400.0,400.0,400.0,400.0,400.0,1.0,0.0
2,1,15,a,49,Yes,Yes,1.0,0.0,0.0,0.0,0.0,0.0,0.0,0.0,0.0
2,1,15,different,50,Yes,Yes,1.0,299.0,299.0,299.0,299.0,299.0,299.0,1.0,0.0
2,1,15,grand,51,Yes,Yes,1.0,352.0,352.0,352.0,352.0,352.0,352.0,1.0,0.0
2,1,15,jury.,52,Yes,Yes,1.0,249.0,249.0,249.0,249.0,249.0,249.0,1.0,0.0
2,1,16,Steam,0,No,No,1.0,1138.0,1138.0,1138.0,1138.0,1138.0,1138.0,1.0,0.0
2,1,16,sterilization,1,No,No,1.0,851.0,851.0,851.0,851.0,851.0,851.0,1.0,0.0
2,1,16,is,2,No,No,1.0,0.0,0.0,0.0,0.0,0.0,0.0,0.0,0.0
2,1,16,limited,3,No,No,1.0,401.0,401.0,401.0,401.0,401.0,401.0,1.0,0.0
2,1,16,in,4,No,No,1.0,198.0,198.0,198.0,198.0,198.0,198.0,1.0,0.0
2,1,16,the,5,No,No,1.0,0.0,0.0,0.0,0.0,0.0,0.0,0.0,0.0
2,1,16,types,6,No,No,1.0,348.0,348.0,348.0,348.0,348.0,348.0,1.0,0.0
2,1,16,of,7,No,No,1.0,0.0,0.0,0.0,0.0,0.0,0.0,0.0,0.0
2,1,16,medical,8,No,No,1.0,1301.0,1301.0,1301.0,1301.0,1301.0,1301.0,1.0,0.0
2,1,16,waste,9,No,No,1.0,348.0,348.0,348.0,348.0,348.0,348.0,1.0,0.0
2,1,16,it,10,No,No,1.0,0.0,0.0,0.0,0.0,0.0,0.0,0.0,0.0
2,1,16,can,11,No,No,1.0,300.0,300.0,300.0,300.0,300.0,300.0,1.0,0.0
2,1,16,"treat,",12,No,No,1.0,199.0,199.0,199.0,199.0,199.0,199.0,1.0,0.0
2,1,16,but,13,No,No,1.0,302.0,302.0,302.0,302.0,302.0,302.0,1.0,0.0
2,1,16,is,14,No,No,1.0,0.0,0.0,0.0,0.0,0.0,0.0,0.0,0.0
2,1,16,appropriate,15,No,No,1.0,501.0,501.0,501.0,501.0,501.0,501.0,1.0,0.0
2,1,16,for,16,No,No,1.0,0.0,0.0,0.0,0.0,0.0,0.0,0.0,0.0
2,1,16,laboratory,17,No,No,1.0,950.0,950.0,950.0,950.0,950.0,950.0,1.0,0.0
2,1,16,cultures,18,No,No,1.0,1051.0,1051.0,1051.0,1051.0,1051.0,1051.0,1.0,0.0
2,1,16,and,19,No,No,1.0,0.0,0.0,0.0,0.0,0.0,0.0,0.0,0.0
2,1,16,substances,20,No,No,1.0,648.0,648.0,648.0,648.0,648.0,648.0,1.0,0.0
2,1,16,contaminated,21,No,No,1.0,704.0,704.0,704.0,704.0,704.0,704.0,1.0,0.0
2,1,16,with,22,No,No,1.0,250.0,250.0,0.0,0.0,0.0,0.0,0.0,0.0
2,1,16,infectious,23,No,No,1.0,500.0,500.0,500.0,500.0,500.0,750.0,1.0,1.0
2,1,16,organisms.,24,No,No,1.0,1642.0,1642.0,1642.0,1642.0,1642.0,1642.0,1.0,0.0
2,1,16,The,25,No,No,1.0,200.0,200.0,200.0,200.0,200.0,200.0,1.0,0.0
2,1,16,waste,26,No,No,1.0,450.0,450.0,450.0,450.0,450.0,450.0,1.0,0.0
2,1,16,is,27,No,No,1.0,0.0,0.0,0.0,0.0,0.0,0.0,0.0,0.0
2,1,16,subjected,28,No,No,1.0,550.0,550.0,550.0,550.0,550.0,550.0,1.0,0.0
2,1,16,to,29,No,No,1.0,0.0,0.0,0.0,0.0,0.0,0.0,0.0,0.0
2,1,16,steam,30,No,No,1.0,303.0,303.0,303.0,303.0,303.0,303.0,1.0,0.0
2,1,16,in,31,No,No,1.0,0.0,0.0,0.0,0.0,0.0,0.0,0.0,0.0
2,1,16,a,32,No,No,1.0,0.0,0.0,0.0,0.0,0.0,0.0,0.0,0.0
2,1,16,"sealed,",33,No,No,1.0,250.0,250.0,250.0,250.0,250.0,250.0,1.0,0.0
2,1,16,pressurized,34,No,No,1.0,600.0,600.0,600.0,600.0,600.0,600.0,1.0,0.0
2,1,16,chamber.,35,No,No,1.0,490.0,490.0,490.0,490.0,490.0,490.0,1.0,0.0
2,1,16,The,36,No,No,1.0,304.0,304.0,304.0,304.0,304.0,304.0,1.0,0.0
2,1,16,liquid,37,No,No,1.0,1099.0,1099.0,1099.0,1099.0,1099.0,1099.0,1.0,0.0
2,1,16,that,38,No,No,1.0,0.0,0.0,0.0,0.0,0.0,0.0,0.0,0.0
2,1,16,may,39,No,No,1.0,400.0,400.0,400.0,400.0,400.0,400.0,1.0,0.0
2,1,16,form,40,No,No,1.0,248.0,248.0,248.0,248.0,248.0,248.0,1.0,0.0
2,1,16,is,41,No,No,1.0,0.0,0.0,0.0,0.0,0.0,0.0,0.0,0.0
2,1,16,drained,42,No,No,1.0,986.0,986.0,986.0,986.0,986.0,986.0,1.0,0.0
2,1,16,off,43,No,No,1.0,0.0,0.0,0.0,0.0,0.0,0.0,0.0,0.0
2,1,16,to,44,No,No,1.0,0.0,0.0,0.0,0.0,0.0,0.0,0.0,0.0
2,1,16,the,45,No,No,1.0,0.0,0.0,0.0,0.0,0.0,0.0,0.0,0.0
2,1,16,sewer,46,No,No,1.0,750.0,750.0,750.0,750.0,750.0,750.0,1.0,0.0
2,1,16,or,47,No,No,1.0,0.0,0.0,0.0,0.0,0.0,0.0,0.0,0.0
2,1,16,sent,48,No,No,1.0,249.0,249.0,249.0,249.0,249.0,249.0,1.0,0.0
2,1,16,for,49,No,No,1.0,251.0,251.0,251.0,251.0,251.0,251.0,1.0,0.0
2,1,16,processing.,50,No,No,1.0,649.0,649.0,649.0,649.0,649.0,649.0,1.0,0.0
2,1,17,Owls,0,Yes,Yes,1.0,757.0,757.0,757.0,757.0,757.0,757.0,1.0,0.0
2,1,17,are,1,Yes,Yes,1.0,0.0,0.0,0.0,0.0,0.0,0.0,0.0,0.0
2,1,17,more,2,Yes,Yes,1.0,348.0,348.0,348.0,348.0,348.0,348.0,1.0,0.0
2,1,17,flexible,3,Yes,Yes,1.0,502.0,502.0,502.0,502.0,502.0,502.0,1.0,0.0
2,1,17,than,4,Yes,Yes,1.0,251.0,251.0,251.0,251.0,251.0,251.0,1.0,0.0
2,1,17,humans,5,Yes,Yes,1.0,349.0,349.0,349.0,349.0,349.0,349.0,1.0,0.0
2,1,17,because,6,Yes,Yes,1.0,550.0,550.0,550.0,550.0,550.0,550.0,1.0,0.0
2,1,17,a,7,Yes,Yes,1.0,0.0,0.0,0.0,0.0,0.0,0.0,0.0,0.0
2,1,17,bird's,8,Yes,Yes,1.0,0.0,0.0,0.0,0.0,0.0,0.0,0.0,0.0
2,1,17,head,9,Yes,Yes,1.0,293.0,293.0,293.0,293.0,293.0,293.0,1.0,0.0
2,1,17,is,10,Yes,Yes,1.0,208.0,208.0,208.0,208.0,208.0,208.0,1.0,0.0
2,1,17,only,11,Yes,Yes,1.0,0.0,0.0,0.0,0.0,0.0,0.0,0.0,0.0
2,1,17,connected,12,Yes,Yes,1.0,599.0,599.0,599.0,599.0,599.0,599.0,1.0,0.0
2,1,17,by,13,Yes,Yes,1.0,192.0,192.0,192.0,192.0,192.0,192.0,1.0,0.0
2,1,17,one,14,Yes,Yes,1.0,290.0,290.0,290.0,290.0,290.0,290.0,1.0,0.0
2,1,17,socket,15,Yes,Yes,1.0,649.0,649.0,649.0,649.0,649.0,649.0,1.0,0.0
2,1,17,pivot.,16,Yes,Yes,1.0,262.0,262.0,262.0,262.0,262.0,262.0,1.0,0.0
2,1,17,People,17,Yes,Yes,1.0,750.0,750.0,750.0,750.0,750.0,750.0,1.0,0.0
2,1,17,have,18,Yes,Yes,1.0,0.0,0.0,0.0,0.0,0.0,0.0,0.0,0.0
2,1,17,"two,",19,Yes,Yes,1.0,304.0,304.0,304.0,304.0,304.0,304.0,1.0,0.0
2,1,17,which,20,Yes,Yes,1.0,487.0,487.0,487.0,487.0,487.0,487.0,1.0,0.0
2,1,17,limits,21,Yes,Yes,1.0,304.0,304.0,304.0,304.0,304.0,304.0,1.0,0.0
2,1,17,our,22,Yes,Yes,1.0,0.0,0.0,0.0,0.0,0.0,0.0,0.0,0.0
2,1,17,ability,23,Yes,Yes,1.0,0.0,0.0,0.0,0.0,0.0,0.0,0.0,0.0
2,1,17,to,24,Yes,Yes,1.0,312.0,312.0,312.0,312.0,312.0,312.0,1.0,0.0
2,1,17,"twist,",25,Yes,Yes,1.0,0.0,0.0,0.0,0.0,0.0,0.0,0.0,0.0
2,1,17,Forsman,26,Yes,Yes,1.0,299.0,2846.0,299.0,299.0,299.0,299.0,1.0,0.0
2,1,17,added.,27,Yes,Yes,1.0,652.0,1450.0,652.0,1450.0,1450.0,3997.0,1.0,1.0
2,1,17,Owls,28,Yes,Yes,1.0,600.0,600.0,600.0,600.0,600.0,600.0,1.0,0.0
2,1,17,also,29,Yes,Yes,1.0,200.0,200.0,200.0,200.0,200.0,200.0,1.0,0.0
2,1,17,have,30,Yes,Yes,1.0,400.0,701.0,400.0,400.0,400.0,400.0,1.0,0.0
2,1,17,multiple,31,Yes,Yes,1.0,250.0,650.0,250.0,650.0,650.0,650.0,1.0,0.0
2,1,17,"vertebrae,",32,Yes,Yes,1.0,751.0,751.0,751.0,751.0,751.0,751.0,1.0,0.0
2,1,17,the,33,Yes,Yes,1.0,0.0,0.0,0.0,0.0,0.0,0.0,0.0,0.0
2,1,17,small,34,Yes,Yes,1.0,346.0,346.0,346.0,346.0,346.0,346.0,1.0,0.0
2,1,17,bones,35,Yes,Yes,1.0,254.0,254.0,254.0,254.0,254.0,254.0,1.0,0.0
2,1,17,that,36,Yes,Yes,1.0,0.0,0.0,0.0,0.0,0.0,0.0,0.0,0.0
2,1,17,make,37,Yes,Yes,1.0,351.0,351.0,351.0,351.0,351.0,351.0,1.0,0.0
2,1,17,up,38,Yes,Yes,1.0,0.0,0.0,0.0,0.0,0.0,0.0,0.0,0.0
2,1,17,the,39,Yes,Yes,1.0,0.0,0.0,0.0,0.0,0.0,0.0,0.0,0.0
2,1,17,neck,40,Yes,Yes,1.0,505.0,505.0,505.0,505.0,505.0,806.0,1.0,1.0
2,1,17,and,41,Yes,Yes,1.0,0.0,0.0,0.0,0.0,0.0,0.0,0.0,0.0
2,1,17,"spine,",42,Yes,Yes,1.0,499.0,499.0,499.0,499.0,499.0,499.0,1.0,0.0
2,1,17,helping,43,Yes,Yes,1.0,250.0,250.0,250.0,250.0,250.0,250.0,1.0,0.0
2,1,17,them,44,Yes,Yes,1.0,301.0,805.0,301.0,805.0,805.0,805.0,1.0,0.0
2,1,17,achieve,45,Yes,Yes,1.0,0.0,0.0,0.0,0.0,0.0,0.0,0.0,0.0
2,1,17,a,46,Yes,Yes,1.0,0.0,0.0,0.0,0.0,0.0,0.0,0.0,0.0
2,1,17,wide,47,Yes,Yes,1.0,354.0,354.0,354.0,354.0,354.0,354.0,1.0,0.0
2,1,17,range,48,Yes,Yes,1.0,250.0,250.0,250.0,250.0,250.0,250.0,1.0,0.0
2,1,17,of,49,Yes,Yes,1.0,0.0,0.0,0.0,0.0,0.0,0.0,0.0,0.0
2,1,17,motion.,50,Yes,Yes,1.0,401.0,401.0,401.0,401.0,401.0,401.0,1.0,0.0
2,1,18,Even,0,No,No,1.0,1236.0,1236.0,1236.0,1236.0,1236.0,1236.0,1.0,0.0
2,1,18,in,1,No,No,1.0,0.0,0.0,0.0,0.0,0.0,0.0,0.0,0.0
2,1,18,the,2,No,No,1.0,198.0,198.0,198.0,198.0,198.0,198.0,1.0,0.0
2,1,18,same,3,No,No,1.0,250.0,250.0,250.0,250.0,250.0,250.0,1.0,0.0
2,1,18,"animal,",4,No,No,1.0,400.0,400.0,400.0,400.0,400.0,400.0,1.0,0.0
2,1,18,not,5,No,No,1.0,251.0,251.0,251.0,251.0,251.0,251.0,1.0,0.0
2,1,18,all,6,No,No,1.0,250.0,250.0,250.0,250.0,250.0,250.0,1.0,0.0
2,1,18,bites,7,No,No,1.0,250.0,250.0,250.0,250.0,250.0,250.0,1.0,0.0
2,1,18,are,8,No,No,1.0,0.0,0.0,0.0,0.0,0.0,0.0,0.0,0.0
2,1,18,the,9,No,No,1.0,350.0,350.0,350.0,350.0,350.0,350.0,1.0,0.0
2,1,18,same.,10,No,No,1.0,249.0,249.0,249.0,249.0,249.0,249.0,1.0,0.0
2,1,18,A,11,No,No,1.0,0.0,0.0,0.0,0.0,0.0,0.0,0.0,0.0
2,1,18,new,12,No,No,1.0,250.0,250.0,250.0,250.0,250.0,250.0,1.0,0.0
2,1,18,study,13,No,No,1.0,299.0,299.0,299.0,299.0,299.0,299.0,1.0,0.0
2,1,18,finds,14,No,No,1.0,250.0,250.0,250.0,250.0,250.0,250.0,1.0,0.0
2,1,18,that,15,No,No,1.0,0.0,0.0,0.0,0.0,0.0,0.0,0.0,0.0
2,1,18,because,16,No,No,1.0,300.0,300.0,300.0,300.0,300.0,300.0,1.0,0.0
2,1,18,the,17,No,No,1.0,0.0,0.0,0.0,0.0,0.0,0.0,0.0,0.0
2,1,18,force,18,No,No,1.0,649.0,649.0,649.0,649.0,649.0,649.0,1.0,0.0
2,1,18,in,19,No,No,1.0,0.0,0.0,0.0,0.0,0.0,0.0,0.0,0.0
2,1,18,a,20,No,No,1.0,0.0,0.0,0.0,0.0,0.0,0.0,0.0,0.0
2,1,18,muscle,21,No,No,1.0,300.0,300.0,300.0,300.0,300.0,300.0,1.0,0.0
2,1,18,depends,22,No,No,1.0,602.0,602.0,602.0,602.0,602.0,602.0,1.0,0.0
2,1,18,on,23,No,No,1.0,0.0,0.0,0.0,0.0,0.0,0.0,0.0,0.0
2,1,18,how,24,No,No,1.0,450.0,450.0,450.0,450.0,450.0,450.0,1.0,0.0
2,1,18,much,25,No,No,1.0,351.0,351.0,351.0,351.0,351.0,351.0,1.0,0.0
2,1,18,it,26,No,No,1.0,0.0,0.0,0.0,0.0,0.0,0.0,0.0,0.0
2,1,18,is,27,No,No,1.0,300.0,300.0,300.0,300.0,300.0,300.0,1.0,0.0
2,1,18,"stretched,",28,No,No,1.0,650.0,650.0,650.0,650.0,650.0,650.0,1.0,0.0
2,1,18,an,29,No,No,1.0,0.0,0.0,0.0,0.0,0.0,0.0,0.0,0.0
2,1,18,animal's,30,No,No,1.0,701.0,701.0,701.0,701.0,701.0,701.0,1.0,0.0
2,1,18,bite,31,No,No,1.0,200.0,200.0,200.0,200.0,200.0,200.0,1.0,0.0
2,1,18,force,32,No,No,1.0,250.0,250.0,250.0,250.0,250.0,250.0,1.0,0.0
2,1,18,depends,33,No,No,1.0,500.0,500.0,500.0,500.0,500.0,500.0,1.0,0.0
2,1,18,on,34,No,No,1.0,0.0,0.0,0.0,0.0,0.0,0.0,0.0,0.0
2,1,18,the,35,No,No,1.0,751.0,751.0,751.0,751.0,751.0,751.0,1.0,0.0
2,1,18,size,36,No,No,1.0,250.0,250.0,250.0,250.0,250.0,250.0,1.0,0.0
2,1,18,of,37,No,No,1.0,0.0,0.0,0.0,0.0,0.0,0.0,0.0,0.0
2,1,18,what,38,No,No,1.0,250.0,250.0,250.0,250.0,250.0,250.0,1.0,0.0
2,1,18,it,39,No,No,1.0,0.0,0.0,0.0,0.0,0.0,0.0,0.0,0.0
2,1,18,is,40,No,No,1.0,0.0,0.0,0.0,0.0,0.0,0.0,0.0,0.0
2,1,18,biting.,41,No,No,1.0,851.0,851.0,851.0,851.0,851.0,851.0,1.0,0.0
2,1,18,The,42,No,No,1.0,0.0,0.0,0.0,0.0,0.0,0.0,0.0,0.0
2,1,18,finding,43,No,No,1.0,299.0,299.0,299.0,299.0,299.0,299.0,1.0,0.0
2,1,18,has,44,No,No,1.0,600.0,600.0,600.0,600.0,600.0,600.0,1.0,0.0
2,1,18,direct,45,No,No,1.0,450.0,450.0,450.0,450.0,450.0,450.0,1.0,0.0
2,1,18,implications,46,No,No,1.0,751.0,751.0,751.0,751.0,751.0,751.0,1.0,0.0
2,1,18,for,47,No,No,1.0,0.0,0.0,0.0,0.0,0.0,0.0,0.0,0.0
2,1,18,ecology,48,No,No,1.0,691.0,1530.0,691.0,691.0,691.0,691.0,1.0,0.0
2,1,18,and,49,No,No,1.0,0.0,0.0,0.0,0.0,0.0,0.0,0.0,0.0
2,1,18,evolution.,50,No,No,1.0,450.0,850.0,450.0,850.0,850.0,1689.0,1.0,1.0
2,2,37,John,0,No,No,1.0,850.0,850.0,850.0,850.0,850.0,850.0,1.0,0.0
2,2,37,Thornton,1,No,No,1.0,447.0,447.0,447.0,447.0,447.0,447.0,1.0,0.0
2,2,37,asked,2,No,No,1.0,354.0,354.0,354.0,354.0,354.0,354.0,1.0,0.0
2,2,37,little,3,No,No,1.0,296.0,296.0,0.0,0.0,0.0,0.0,0.0,0.0
2,2,37,of,4,No,No,1.0,899.0,1105.0,899.0,1105.0,1105.0,1401.0,1.0,1.0
2,2,37,man,5,No,No,1.0,300.0,300.0,300.0,300.0,300.0,300.0,1.0,0.0
2,2,37,or,6,No,No,1.0,0.0,0.0,0.0,0.0,0.0,0.0,0.0,0.0
2,2,37,nature.,7,No,No,1.0,1358.0,1358.0,1358.0,1358.0,1358.0,1358.0,1.0,0.0
2,2,37,He,8,No,No,1.0,0.0,0.0,0.0,0.0,0.0,0.0,0.0,0.0
2,2,37,was,9,No,No,1.0,298.0,298.0,298.0,298.0,298.0,298.0,1.0,0.0
2,2,37,unafraid,10,No,No,1.0,600.0,600.0,600.0,600.0,600.0,600.0,1.0,0.0
2,2,37,of,11,No,No,1.0,0.0,0.0,0.0,0.0,0.0,0.0,0.0,0.0
2,2,37,the,12,No,No,1.0,451.0,451.0,451.0,451.0,451.0,451.0,1.0,0.0
2,2,37,wild.,13,No,No,1.0,301.0,301.0,301.0,301.0,301.0,301.0,1.0,0.0
2,2,37,With,14,No,No,1.0,950.0,950.0,950.0,950.0,950.0,950.0,1.0,0.0
2,2,37,a,15,No,No,1.0,190.0,190.0,190.0,190.0,190.0,190.0,1.0,0.0
2,2,37,handful,16,No,No,1.0,559.0,559.0,559.0,559.0,559.0,559.0,1.0,0.0
2,2,37,of,17,No,No,1.0,193.0,193.0,193.0,193.0,193.0,193.0,1.0,0.0
2,2,37,salt,18,No,No,1.0,757.0,757.0,757.0,757.0,757.0,757.0,1.0,0.0
2,2,37,and,19,No,No,1.0,0.0,0.0,0.0,0.0,0.0,0.0,0.0,0.0
2,2,37,a,20,No,No,1.0,0.0,0.0,0.0,0.0,0.0,0.0,0.0,0.0
2,2,37,rifle,21,No,No,1.0,400.0,400.0,400.0,400.0,400.0,400.0,1.0,0.0
2,2,37,he,22,No,No,1.0,208.0,208.0,208.0,208.0,208.0,208.0,1.0,0.0
2,2,37,could,23,No,No,1.0,290.0,290.0,290.0,290.0,290.0,290.0,1.0,0.0
2,2,37,plunge,24,No,No,1.0,350.0,350.0,350.0,350.0,350.0,350.0,1.0,0.0
2,2,37,into,25,No,No,1.0,600.0,600.0,600.0,600.0,600.0,600.0,1.0,0.0
2,2,37,the,26,No,No,1.0,0.0,0.0,0.0,0.0,0.0,0.0,0.0,0.0
2,2,37,wilderness,27,No,No,1.0,493.0,493.0,493.0,493.0,493.0,493.0,1.0,0.0
2,2,37,and,28,No,No,1.0,350.0,350.0,350.0,350.0,350.0,350.0,1.0,0.0
2,2,37,fare,29,No,No,1.0,0.0,0.0,0.0,0.0,0.0,0.0,0.0,0.0
2,2,37,wherever,30,No,No,1.0,700.0,700.0,700.0,700.0,700.0,700.0,1.0,0.0
2,2,37,he,31,No,No,1.0,201.0,201.0,201.0,201.0,201.0,201.0,1.0,0.0
2,2,37,pleased,32,No,No,1.0,398.0,398.0,398.0,398.0,398.0,398.0,1.0,0.0
2,2,37,and,33,No,No,1.0,300.0,300.0,300.0,300.0,300.0,300.0,1.0,0.0
2,2,37,as,34,No,No,1.0,200.0,200.0,200.0,200.0,200.0,200.0,1.0,0.0
2,2,37,long,35,No,No,1.0,201.0,201.0,201.0,201.0,201.0,201.0,1.0,0.0
2,2,37,as,36,No,No,1.0,200.0,200.0,200.0,200.0,200.0,200.0,1.0,0.0
2,2,37,he,37,No,No,1.0,250.0,250.0,250.0,250.0,250.0,250.0,1.0,0.0
2,2,37,pleased.,38,No,No,1.0,801.0,801.0,801.0,801.0,801.0,801.0,1.0,0.0
