submission_id,Index,ItemId,SubjectId,Word,experiment_duration,experiment_end_time,experiment_start_time,mousePositionX,mousePositionY,response,responseTime,wordPositionBottom,wordPositionLeft,wordPositionRight,wordPositionTop
7,0,4,cui, I ,123457,1674215676155,1674215552698,464,94,armpits,1442,26.0,0.0,10.0,2.0
7,0,4,cui, I ,123457,1674215676155,1674215552698,470,94,armpits,1542,26.0,0.0,10.0,2.0
7,1,4,cui, believe ,123457,1674215676155,1674215552698,477,92,armpits,1642,26.0,10.0,72.0,2.0
7,1,4,cui, believe ,123457,1674215676155,1674215552698,481,92,armpits,1742,26.0,10.0,72.0,2.0
7,1,4,cui, believe ,123457,1674215676155,1674215552698,482,93,armpits,1842,26.0,10.0,72.0,2.0
7,1,4,cui, believe ,123457,1674215676155,1674215552698,482,93,armpits,1943,26.0,10.0,72.0,2.0
7,1,4,cui, believe ,123457,1674215676155,1674215552698,482,93,armpits,2045,26.0,10.0,72.0,2.0
7,1,4,cui, believe ,123457,1674215676155,1674215552698,482,93,armpits,2146,26.0,10.0,72.0,2.0
7,1,4,cui, believe ,123457,1674215676155,1674215552698,483,93,armpits,2242,26.0,10.0,72.0,2.0
7,1,4,cui, believe ,123457,1674215676155,1674215552698,512,92,armpits,2342,26.0,10.0,72.0,2.0
7,2,4,cui, in ,123457,1674215676155,1674215552698,533,92,armpits,2442,26.0,70.0,90.0,2.0
7,2,4,cui, in ,123457,1674215676155,1674215552698,544,91,armpits,2542,26.0,70.0,90.0,2.0
7,3,4,cui, the ,123457,1674215676155,1674215552698,553,91,armpits,2642,26.0,90.0,121.0,2.0
7,3,4,cui, the ,123457,1674215676155,1674215552698,564,91,armpits,2742,26.0,90.0,121.0,2.0
7,3,4,cui, the ,123457,1674215676155,1674215552698,576,91,armpits,2842,26.0,90.0,121.0,2.0
7,3,4,cui, the ,123457,1674215676155,1674215552698,578,91,armpits,2943,26.0,90.0,121.0,2.0
7,3,4,cui, the ,123457,1674215676155,1674215552698,578,91,armpits,3043,26.0,90.0,121.0,2.0
7,3,4,cui, the ,123457,1674215676155,1674215552698,578,91,armpits,3149,26.0,90.0,121.0,2.0
7,3,4,cui, the ,123457,1674215676155,1674215552698,578,91,armpits,3244,26.0,90.0,121.0,2.0
7,4,4,cui, flesh ,123457,1674215676155,1674215552698,594,91,armpits,3342,26.0,120.0,164.0,2.0
7,4,4,cui, flesh ,123457,1674215676155,1674215552698,607,91,armpits,3441,26.0,120.0,164.0,2.0
7,4,4,cui, flesh ,123457,1674215676155,1674215552698,614,91,armpits,3543,26.0,120.0,164.0,2.0
7,5,4,cui, and ,123457,1674215676155,1674215552698,627,89,armpits,3642,26.0,164.0,199.0,2.0
7,5,4,cui, and ,123457,1674215676155,1674215552698,644,88,armpits,3743,26.0,164.0,199.0,2.0
7,5,4,cui, and ,123457,1674215676155,1674215552698,653,88,armpits,3842,26.0,164.0,199.0,2.0
7,6,4,cui, the ,123457,1674215676155,1674215552698,661,90,armpits,3947,26.0,198.0,229.0,2.0
7,6,4,cui, the ,123457,1674215676155,1674215552698,668,92,armpits,4041,26.0,198.0,229.0,2.0
7,6,4,cui, the ,123457,1674215676155,1674215552698,669,93,armpits,4149,26.0,198.0,229.0,2.0
7,6,4,cui, the ,123457,1674215676155,1674215552698,669,93,armpits,4243,26.0,198.0,229.0,2.0
7,6,4,cui, the ,123457,1674215676155,1674215552698,669,93,armpits,4348,26.0,198.0,229.0,2.0
7,6,4,cui, the ,123457,1674215676155,1674215552698,684,91,armpits,4441,26.0,198.0,229.0,2.0
7,7,4,cui, appetites; ,123457,1674215676155,1674215552698,718,88,armpits,4542,26.0,229.0,314.0,2.0
7,7,4,cui, appetites; ,123457,1674215676155,1674215552698,731,90,armpits,4641,26.0,229.0,314.0,2.0
7,7,4,cui, appetites; ,123457,1674215676155,1674215552698,745,91,armpits,4743,26.0,229.0,314.0,2.0
7,7,4,cui, appetites; ,123457,1674215676155,1674215552698,763,91,armpits,4841,26.0,229.0,314.0,2.0
7,7,4,cui, appetites; ,123457,1674215676155,1674215552698,767,91,armpits,4947,26.0,229.0,314.0,2.0
7,7,4,cui, appetites; ,123457,1674215676155,1674215552698,767,91,armpits,5041,26.0,229.0,314.0,2.0
7,7,4,cui, appetites; ,123457,1674215676155,1674215552698,767,91,armpits,5147,26.0,229.0,314.0,2.0
7,7,4,cui, appetites; ,123457,1674215676155,1674215552698,770,91,armpits,5241,26.0,229.0,314.0,2.0
7,8,4,cui," Seeing, ",123457,1674215676155,1674215552698,791,90,armpits,5342,26.0,312.0,377.0,2.0
7,8,4,cui," Seeing, ",123457,1674215676155,1674215552698,811,88,armpits,5441,26.0,312.0,377.0,2.0
7,8,4,cui," Seeing, ",123457,1674215676155,1674215552698,829,88,armpits,5542,26.0,312.0,377.0,2.0
7,9,4,cui," hearing, ",123457,1674215676155,1674215552698,846,88,armpits,5641,26.0,376.0,446.0,2.0
7,9,4,cui," hearing, ",123457,1674215676155,1674215552698,865,88,armpits,5741,26.0,376.0,446.0,2.0
7,9,4,cui," hearing, ",123457,1674215676155,1674215552698,868,88,armpits,5843,26.0,376.0,446.0,2.0
7,9,4,cui," hearing, ",123457,1674215676155,1674215552698,868,88,armpits,5942,26.0,376.0,446.0,2.0
7,9,4,cui," hearing, ",123457,1674215676155,1674215552698,868,88,armpits,6045,26.0,376.0,446.0,2.0
7,9,4,cui," hearing, ",123457,1674215676155,1674215552698,868,88,armpits,6145,26.0,376.0,446.0,2.0
7,9,4,cui," hearing, ",123457,1674215676155,1674215552698,884,86,armpits,6241,26.0,376.0,446.0,2.0
7,10,4,cui," feeling, ",123457,1674215676155,1674215552698,909,85,armpits,6342,26.0,445.0,504.0,2.0
7,10,4,cui," feeling, ",123457,1674215676155,1674215552698,926,85,armpits,6441,26.0,445.0,504.0,2.0
7,10,4,cui," feeling, ",123457,1674215676155,1674215552698,935,86,armpits,6543,26.0,445.0,504.0,2.0
7,10,4,cui," feeling, ",123457,1674215676155,1674215552698,936,86,armpits,6641,26.0,445.0,504.0,2.0
7,10,4,cui," feeling, ",123457,1674215676155,1674215552698,933,86,armpits,6742,26.0,445.0,504.0,2.0
7,9,4,cui," hearing, ",123457,1674215676155,1674215552698,906,87,armpits,6841,26.0,376.0,446.0,2.0
7,9,4,cui," hearing, ",123457,1674215676155,1674215552698,840,85,armpits,6942,26.0,376.0,446.0,2.0
7,7,4,cui, appetites; ,123457,1674215676155,1674215552698,716,93,armpits,7041,26.0,229.0,314.0,2.0
7,7,4,cui, appetites; ,123457,1674215676155,1674215552698,698,99,armpits,7143,26.0,229.0,314.0,2.0
7,7,4,cui, appetites; ,123457,1674215676155,1674215552698,698,99,armpits,7241,26.0,229.0,314.0,2.0
7,7,4,cui, appetites; ,123457,1674215676155,1674215552698,698,99,armpits,7343,26.0,229.0,314.0,2.0
7,15,4,cui, part ,123457,1674215676155,1674215552698,647,101,armpits,7441,53.0,185.0,223.0,29.0
7,12,4,cui," miracles, ",123457,1674215676155,1674215552698,560,110,armpits,7542,53.0,31.0,109.0,29.0
7,12,4,cui," miracles, ",123457,1674215676155,1674215552698,532,111,armpits,7641,53.0,31.0,109.0,29.0
7,12,4,cui," miracles, ",123457,1674215676155,1674215552698,511,114,armpits,7741,53.0,31.0,109.0,29.0
7,12,4,cui," miracles, ",123457,1674215676155,1674215552698,497,117,armpits,7841,53.0,31.0,109.0,29.0
7,11,4,cui, are ,123457,1674215676155,1674215552698,485,117,armpits,7942,53.0,0.0,31.0,29.0
7,11,4,cui, are ,123457,1674215676155,1674215552698,480,117,armpits,8041,53.0,0.0,31.0,29.0
7,11,4,cui, are ,123457,1674215676155,1674215552698,481,117,armpits,8145,53.0,0.0,31.0,29.0
7,11,4,cui, are ,123457,1674215676155,1674215552698,493,118,armpits,8241,53.0,0.0,31.0,29.0
7,12,4,cui," miracles, ",123457,1674215676155,1674215552698,511,120,armpits,8341,53.0,31.0,109.0,29.0
7,12,4,cui," miracles, ",123457,1674215676155,1674215552698,526,122,armpits,8441,53.0,31.0,109.0,29.0
7,12,4,cui," miracles, ",123457,1674215676155,1674215552698,546,122,armpits,8541,53.0,31.0,109.0,29.0
7,13,4,cui, and ,123457,1674215676155,1674215552698,573,120,armpits,8641,53.0,107.0,142.0,29.0
7,13,4,cui, and ,123457,1674215676155,1674215552698,595,118,armpits,8741,53.0,107.0,142.0,29.0
7,14,4,cui, each ,123457,1674215676155,1674215552698,613,120,armpits,8841,53.0,142.0,186.0,29.0
7,14,4,cui, each ,123457,1674215676155,1674215552698,636,121,armpits,8943,53.0,142.0,186.0,29.0
7,15,4,cui, part ,123457,1674215676155,1674215552698,649,125,armpits,9041,53.0,185.0,223.0,29.0
7,15,4,cui, part ,123457,1674215676155,1674215552698,649,125,armpits,9142,53.0,185.0,223.0,29.0
7,15,4,cui, part ,123457,1674215676155,1674215552698,649,125,armpits,9241,53.0,185.0,223.0,29.0
7,15,4,cui, part ,123457,1674215676155,1674215552698,649,125,armpits,9342,53.0,185.0,223.0,29.0
7,15,4,cui, part ,123457,1674215676155,1674215552698,650,125,armpits,9441,53.0,185.0,223.0,29.0
7,15,4,cui, part ,123457,1674215676155,1674215552698,667,117,armpits,9542,53.0,185.0,223.0,29.0
7,15,4,cui, part ,123457,1674215676155,1674215552698,680,114,armpits,9641,53.0,185.0,223.0,29.0
7,16,4,cui, and ,123457,1674215676155,1674215552698,688,113,armpits,9743,53.0,222.0,257.0,29.0
7,16,4,cui, and ,123457,1674215676155,1674215552698,699,113,armpits,9841,53.0,222.0,257.0,29.0
7,17,4,cui, tag ,123457,1674215676155,1674215552698,722,114,armpits,9941,53.0,257.0,289.0,29.0
7,17,4,cui, tag ,123457,1674215676155,1674215552698,742,113,armpits,10041,53.0,257.0,289.0,29.0
7,17,4,cui, tag ,123457,1674215676155,1674215552698,743,113,armpits,10142,53.0,257.0,289.0,29.0
7,17,4,cui, tag ,123457,1674215676155,1674215552698,743,113,armpits,10242,53.0,257.0,289.0,29.0
7,17,4,cui, tag ,123457,1674215676155,1674215552698,743,113,armpits,10347,53.0,257.0,289.0,29.0
7,17,4,cui, tag ,123457,1674215676155,1674215552698,745,113,armpits,10441,53.0,257.0,289.0,29.0
7,19,4,cui, me ,123457,1674215676155,1674215552698,775,112,armpits,10541,53.0,310.0,340.0,29.0
7,19,4,cui, me ,123457,1674215676155,1674215552698,790,110,armpits,10641,53.0,310.0,340.0,29.0
7,20,4,cui, is ,123457,1674215676155,1674215552698,802,108,armpits,10745,53.0,340.0,359.0,29.0
7,21,4,cui, a ,123457,1674215676155,1674215552698,821,107,armpits,10841,53.0,358.0,373.0,29.0
7,22,4,cui, miracle. ,123457,1674215676155,1674215552698,841,107,armpits,10941,53.0,373.0,442.0,29.0
7,22,4,cui, miracle. ,123457,1674215676155,1674215552698,849,108,armpits,11041,53.0,373.0,442.0,29.0
7,22,4,cui, miracle. ,123457,1674215676155,1674215552698,857,111,armpits,11143,53.0,373.0,442.0,29.0
7,22,4,cui, miracle. ,123457,1674215676155,1674215552698,864,115,armpits,11241,53.0,373.0,442.0,29.0
7,22,4,cui, miracle. ,123457,1674215676155,1674215552698,864,116,armpits,11342,53.0,373.0,442.0,29.0
7,22,4,cui, miracle. ,123457,1674215676155,1674215552698,864,116,armpits,11441,53.0,373.0,442.0,29.0
7,22,4,cui, miracle. ,123457,1674215676155,1674215552698,864,116,armpits,11549,53.0,373.0,442.0,29.0
7,22,4,cui, miracle. ,123457,1674215676155,1674215552698,891,114,armpits,11641,53.0,373.0,442.0,29.0
7,23,4,cui, Divine ,123457,1674215676155,1674215552698,923,114,armpits,11743,53.0,441.0,490.0,29.0
7,23,4,cui, Divine ,123457,1674215676155,1674215552698,928,114,armpits,11841,53.0,441.0,490.0,29.0
7,23,4,cui, Divine ,123457,1674215676155,1674215552698,925,115,armpits,11944,53.0,441.0,490.0,29.0
7,22,4,cui, miracle. ,123457,1674215676155,1674215552698,881,116,armpits,12041,53.0,373.0,442.0,29.0
7,31,4,cui, make ,123457,1674215676155,1674215552698,703,130,armpits,12142,80.0,206.0,255.0,56.0
7,29,4,cui, and ,123457,1674215676155,1674215552698,646,135,armpits,12241,80.0,162.0,197.0,56.0
7,29,4,cui, and ,123457,1674215676155,1674215552698,646,135,armpits,12349,80.0,162.0,197.0,56.0
7,29,4,cui, and ,123457,1674215676155,1674215552698,646,135,armpits,12442,80.0,162.0,197.0,56.0
7,28,4,cui," out, ",123457,1674215676155,1674215552698,597,129,armpits,12541,80.0,126.0,162.0,56.0
7,26,4,cui, inside ,123457,1674215676155,1674215552698,515,128,armpits,12641,80.0,39.0,92.0,56.0
7,25,4,cui, I ,123457,1674215676155,1674215552698,501,128,armpits,12741,80.0,30.0,40.0,56.0
7,24,4,cui, am ,123457,1674215676155,1674215552698,490,132,armpits,12841,80.0,0.0,30.0,56.0
7,24,4,cui, am ,123457,1674215676155,1674215552698,482,145,armpits,12943,80.0,0.0,30.0,56.0
7,24,4,cui, am ,123457,1674215676155,1674215552698,477,149,armpits,13041,80.0,0.0,30.0,56.0
7,24,4,cui, am ,123457,1674215676155,1674215552698,479,150,armpits,13142,80.0,0.0,30.0,56.0
7,25,4,cui, I ,123457,1674215676155,1674215552698,500,151,armpits,13242,80.0,30.0,40.0,56.0
7,26,4,cui, inside ,123457,1674215676155,1674215552698,530,147,armpits,13341,80.0,39.0,92.0,56.0
7,26,4,cui, inside ,123457,1674215676155,1674215552698,540,147,armpits,13441,80.0,39.0,92.0,56.0
7,26,4,cui, inside ,123457,1674215676155,1674215552698,549,147,armpits,13543,80.0,39.0,92.0,56.0
7,27,4,cui, and ,123457,1674215676155,1674215552698,560,145,armpits,13642,80.0,91.0,126.0,56.0
7,27,4,cui, and ,123457,1674215676155,1674215552698,576,140,armpits,13742,80.0,91.0,126.0,56.0
7,27,4,cui, and ,123457,1674215676155,1674215552698,588,139,armpits,13841,80.0,91.0,126.0,56.0
7,28,4,cui," out, ",123457,1674215676155,1674215552698,601,138,armpits,13943,80.0,126.0,162.0,56.0
7,28,4,cui," out, ",123457,1674215676155,1674215552698,619,141,armpits,14042,80.0,126.0,162.0,56.0
7,29,4,cui, and ,123457,1674215676155,1674215552698,636,145,armpits,14143,80.0,162.0,197.0,56.0
7,29,4,cui, and ,123457,1674215676155,1674215552698,636,145,armpits,14241,80.0,162.0,197.0,56.0
7,29,4,cui, and ,123457,1674215676155,1674215552698,636,145,armpits,14342,80.0,162.0,197.0,56.0
7,29,4,cui, and ,123457,1674215676155,1674215552698,636,145,armpits,14444,80.0,162.0,197.0,56.0
7,29,4,cui, and ,123457,1674215676155,1674215552698,640,144,armpits,14541,80.0,162.0,197.0,56.0
7,30,4,cui, I ,123457,1674215676155,1674215552698,664,142,armpits,14641,80.0,196.0,206.0,56.0
7,31,4,cui, make ,123457,1674215676155,1674215552698,684,144,armpits,14742,80.0,206.0,255.0,56.0
7,31,4,cui, make ,123457,1674215676155,1674215552698,692,144,armpits,14841,80.0,206.0,255.0,56.0
7,31,4,cui, make ,123457,1674215676155,1674215552698,707,144,armpits,14941,80.0,206.0,255.0,56.0
7,32,4,cui, holy ,123457,1674215676155,1674215552698,727,142,armpits,15041,80.0,254.0,293.0,56.0
7,32,4,cui, holy ,123457,1674215676155,1674215552698,746,144,armpits,15142,80.0,254.0,293.0,56.0
7,33,4,cui, whatever ,123457,1674215676155,1674215552698,755,147,armpits,15240,80.0,292.0,370.0,56.0
7,33,4,cui, whatever ,123457,1674215676155,1674215552698,755,147,armpits,15344,80.0,292.0,370.0,56.0
7,33,4,cui, whatever ,123457,1674215676155,1674215552698,755,147,armpits,15444,80.0,292.0,370.0,56.0
7,33,4,cui, whatever ,123457,1674215676155,1674215552698,755,147,armpits,15538,80.0,292.0,370.0,56.0
7,33,4,cui, whatever ,123457,1674215676155,1674215552698,789,144,armpits,15641,80.0,292.0,370.0,56.0
7,33,4,cui, whatever ,123457,1674215676155,1674215552698,811,142,armpits,15741,80.0,292.0,370.0,56.0
7,34,4,cui, I ,123457,1674215676155,1674215552698,835,140,armpits,15842,80.0,368.0,378.0,56.0
7,35,4,cui, touch ,123457,1674215676155,1674215552698,844,140,armpits,15942,80.0,378.0,429.0,56.0
7,35,4,cui, touch ,123457,1674215676155,1674215552698,852,140,armpits,16042,80.0,378.0,429.0,56.0
7,35,4,cui, touch ,123457,1674215676155,1674215552698,867,143,armpits,16142,80.0,378.0,429.0,56.0
7,35,4,cui, touch ,123457,1674215676155,1674215552698,885,143,armpits,16241,80.0,378.0,429.0,56.0
7,36,4,cui, or ,123457,1674215676155,1674215552698,897,143,armpits,16341,80.0,428.0,450.0,56.0
7,36,4,cui, or ,123457,1674215676155,1674215552698,905,144,armpits,16441,80.0,428.0,450.0,56.0
7,36,4,cui, or ,123457,1674215676155,1674215552698,907,144,armpits,16543,80.0,428.0,450.0,56.0
7,36,4,cui, or ,123457,1674215676155,1674215552698,907,144,armpits,16640,80.0,428.0,450.0,56.0
7,36,4,cui, or ,123457,1674215676155,1674215552698,907,144,armpits,16738,80.0,428.0,450.0,56.0
7,46,4,cui, finer ,123457,1674215676155,1674215552698,866,155,armpits,16845,107.0,400.0,442.0,83.0
7,40,4,cui, The ,123457,1674215676155,1674215552698,607,162,armpits,16944,107.0,111.0,146.0,83.0
7,38,4,cui, touch'd ,123457,1674215676155,1674215552698,504,171,armpits,17041,107.0,0.0,66.0,83.0
7,38,4,cui, touch'd ,123457,1674215676155,1674215552698,478,168,armpits,17142,107.0,0.0,66.0,83.0
7,38,4,cui, touch'd ,123457,1674215676155,1674215552698,476,168,armpits,17240,107.0,0.0,66.0,83.0
7,38,4,cui, touch'd ,123457,1674215676155,1674215552698,475,169,armpits,17341,107.0,0.0,66.0,83.0
7,38,4,cui, touch'd ,123457,1674215676155,1674215552698,509,171,armpits,17441,107.0,0.0,66.0,83.0
7,39,4,cui, from; ,123457,1674215676155,1674215552698,535,171,armpits,17542,107.0,64.0,112.0,83.0
7,39,4,cui, from; ,123457,1674215676155,1674215552698,542,173,armpits,17641,107.0,64.0,112.0,83.0
7,39,4,cui, from; ,123457,1674215676155,1674215552698,571,176,armpits,17743,107.0,64.0,112.0,83.0
7,40,4,cui, The ,123457,1674215676155,1674215552698,592,173,armpits,17841,107.0,111.0,146.0,83.0
7,41,4,cui, scent ,123457,1674215676155,1674215552698,620,169,armpits,17942,107.0,146.0,195.0,83.0
7,41,4,cui, scent ,123457,1674215676155,1674215552698,634,168,armpits,18042,107.0,146.0,195.0,83.0
7,41,4,cui, scent ,123457,1674215676155,1674215552698,647,168,armpits,18141,107.0,146.0,195.0,83.0
7,41,4,cui, scent ,123457,1674215676155,1674215552698,653,168,armpits,18240,107.0,146.0,195.0,83.0
7,41,4,cui, scent ,123457,1674215676155,1674215552698,653,168,armpits,18341,107.0,146.0,195.0,83.0
7,41,4,cui, scent ,123457,1674215676155,1674215552698,653,168,armpits,18440,107.0,146.0,195.0,83.0
7,41,4,cui, scent ,123457,1674215676155,1674215552698,653,168,armpits,18546,107.0,146.0,195.0,83.0
7,42,4,cui, of ,123457,1674215676155,1674215552698,659,168,armpits,18641,107.0,195.0,217.0,83.0
7,43,4,cui, these ,123457,1674215676155,1674215552698,679,170,armpits,18740,107.0,217.0,267.0,83.0
7,43,4,cui, these ,123457,1674215676155,1674215552698,699,171,armpits,18841,107.0,217.0,267.0,83.0
7,43,4,cui, these ,123457,1674215676155,1674215552698,721,172,armpits,18941,107.0,217.0,267.0,83.0
7,44,4,cui," arm-pits, ",123457,1674215676155,1674215552698,746,169,armpits,19040,107.0,265.0,346.0,83.0
7,44,4,cui," arm-pits, ",123457,1674215676155,1674215552698,764,170,armpits,19142,107.0,265.0,346.0,83.0
7,44,4,cui," arm-pits, ",123457,1674215676155,1674215552698,775,172,armpits,19242,107.0,265.0,346.0,83.0
7,44,4,cui," arm-pits, ",123457,1674215676155,1674215552698,785,170,armpits,19342,107.0,265.0,346.0,83.0
7,44,4,cui," arm-pits, ",123457,1674215676155,1674215552698,796,169,armpits,19440,107.0,265.0,346.0,83.0
7,45,4,cui, aroma ,123457,1674215676155,1674215552698,811,170,armpits,19541,107.0,345.0,401.0,83.0
7,45,4,cui, aroma ,123457,1674215676155,1674215552698,831,166,armpits,19641,107.0,345.0,401.0,83.0
7,45,4,cui, aroma ,123457,1674215676155,1674215552698,836,165,armpits,19745,107.0,345.0,401.0,83.0
7,45,4,cui, aroma ,123457,1674215676155,1674215552698,836,165,armpits,19844,107.0,345.0,401.0,83.0
7,45,4,cui, aroma ,123457,1674215676155,1674215552698,836,165,armpits,19946,107.0,345.0,401.0,83.0
7,45,4,cui, aroma ,123457,1674215676155,1674215552698,837,165,armpits,20041,107.0,345.0,401.0,83.0
7,46,4,cui, finer ,123457,1674215676155,1674215552698,864,167,armpits,20141,107.0,400.0,442.0,83.0
7,46,4,cui, finer ,123457,1674215676155,1674215552698,879,169,armpits,20241,107.0,400.0,442.0,83.0
7,46,4,cui, finer ,123457,1674215676155,1674215552698,887,171,armpits,20342,107.0,400.0,442.0,83.0
7,46,4,cui, finer ,123457,1674215676155,1674215552698,900,171,armpits,20441,107.0,400.0,442.0,83.0
7,47,4,cui, than ,123457,1674215676155,1674215552698,916,171,armpits,20543,107.0,442.0,477.0,83.0
7,47,4,cui, than ,123457,1674215676155,1674215552698,922,170,armpits,20641,107.0,442.0,477.0,83.0
7,46,4,cui, finer ,123457,1674215676155,1674215552698,872,167,armpits,20742,107.0,400.0,442.0,83.0
7,43,4,cui, these ,123457,1674215676155,1674215552698,726,164,armpits,20841,107.0,217.0,267.0,83.0
7,40,4,cui, The ,123457,1674215676155,1674215552698,594,176,armpits,20941,107.0,111.0,146.0,83.0
7,39,4,cui, from; ,123457,1674215676155,1674215552698,531,181,armpits,21041,107.0,64.0,112.0,83.0
7,48,4,cui, prayer; ,123457,1674215676155,1674215552698,519,183,armpits,21142,134.0,0.0,61.0,110.0
7,48,4,cui, prayer; ,123457,1674215676155,1674215552698,509,191,armpits,21242,134.0,0.0,61.0,110.0
7,48,4,cui, prayer; ,123457,1674215676155,1674215552698,495,199,armpits,21343,134.0,0.0,61.0,110.0
7,48,4,cui, prayer; ,123457,1674215676155,1674215552698,494,200,armpits,21438,134.0,0.0,61.0,110.0
7,48,4,cui, prayer; ,123457,1674215676155,1674215552698,508,200,armpits,21543,134.0,0.0,61.0,110.0
7,49,4,cui, This ,123457,1674215676155,1674215552698,553,201,armpits,21641,134.0,60.0,99.0,110.0
7,50,4,cui, head ,123457,1674215676155,1674215552698,600,202,armpits,21741,134.0,98.0,143.0,110.0
7,51,4,cui, more ,123457,1674215676155,1674215552698,621,202,armpits,21841,134.0,142.0,189.0,110.0
7,51,4,cui, more ,123457,1674215676155,1674215552698,646,202,armpits,21941,134.0,142.0,189.0,110.0
7,52,4,cui, than ,123457,1674215676155,1674215552698,677,201,armpits,22041,134.0,188.0,229.0,110.0
7,53,4,cui," churches, ",123457,1674215676155,1674215552698,707,197,armpits,22143,134.0,228.0,311.0,110.0
7,53,4,cui," churches, ",123457,1674215676155,1674215552698,718,195,armpits,22240,134.0,228.0,311.0,110.0
7,53,4,cui," churches, ",123457,1674215676155,1674215552698,729,195,armpits,22342,134.0,228.0,311.0,110.0
7,53,4,cui," churches, ",123457,1674215676155,1674215552698,742,195,armpits,22441,134.0,228.0,311.0,110.0
7,53,4,cui," churches, ",123457,1674215676155,1674215552698,767,195,armpits,22542,134.0,228.0,311.0,110.0
7,54,4,cui," bibles, ",123457,1674215676155,1674215552698,793,195,armpits,22641,134.0,310.0,368.0,110.0
7,54,4,cui," bibles, ",123457,1674215676155,1674215552698,810,194,armpits,22741,134.0,310.0,368.0,110.0
7,54,4,cui," bibles, ",123457,1674215676155,1674215552698,824,193,armpits,22841,134.0,310.0,368.0,110.0
7,55,4,cui, and ,123457,1674215676155,1674215552698,838,192,armpits,22943,134.0,366.0,401.0,110.0
7,55,4,cui, and ,123457,1674215676155,1674215552698,858,188,armpits,23041,134.0,366.0,401.0,110.0
7,56,4,cui, all ,123457,1674215676155,1674215552698,878,183,armpits,23141,134.0,401.0,425.0,110.0
7,56,4,cui, all ,123457,1674215676155,1674215552698,879,183,armpits,23240,134.0,401.0,425.0,110.0
7,56,4,cui, all ,123457,1674215676155,1674215552698,879,184,armpits,23345,134.0,401.0,425.0,110.0
7,56,4,cui, all ,123457,1674215676155,1674215552698,879,184,armpits,23440,134.0,401.0,425.0,110.0
7,56,4,cui, all ,123457,1674215676155,1674215552698,879,184,armpits,23548,134.0,401.0,425.0,110.0
7,56,4,cui, all ,123457,1674215676155,1674215552698,879,184,armpits,23644,134.0,401.0,425.0,110.0
7,56,4,cui, all ,123457,1674215676155,1674215552698,879,184,armpits,23745,134.0,401.0,425.0,110.0
7,56,4,cui, all ,123457,1674215676155,1674215552698,879,184,armpits,23840,134.0,401.0,425.0,110.0
7,56,4,cui, all ,123457,1674215676155,1674215552698,885,189,armpits,23942,134.0,401.0,425.0,110.0
7,57,4,cui, the ,123457,1674215676155,1674215552698,892,193,armpits,24041,134.0,424.0,455.0,110.0
7,57,4,cui, the ,123457,1674215676155,1674215552698,912,198,armpits,24142,134.0,424.0,455.0,110.0
7,58,4,cui, creeds. ,123457,1674215676155,1674215552698,936,200,armpits,24241,134.0,455.0,514.0,110.0
7,58,4,cui, creeds. ,123457,1674215676155,1674215552698,946,197,armpits,24343,134.0,455.0,514.0,110.0
7,58,4,cui, creeds. ,123457,1674215676155,1674215552698,944,200,armpits,24441,134.0,455.0,514.0,110.0
7,58,4,cui, creeds. ,123457,1674215676155,1674215552698,944,200,armpits,24541,134.0,455.0,514.0,110.0
7,58,4,cui, creeds. ,123457,1674215676155,1674215552698,944,200,armpits,24641,134.0,455.0,514.0,110.0
7,58,4,cui, creeds. ,123457,1674215676155,1674215552698,944,200,armpits,24743,134.0,455.0,514.0,110.0
7,58,4,cui, creeds. ,123457,1674215676155,1674215552698,944,200,armpits,24841,134.0,455.0,514.0,110.0
7,58,4,cui, creeds. ,123457,1674215676155,1674215552698,944,200,armpits,24941,134.0,455.0,514.0,110.0
7,58,4,cui, creeds. ,123457,1674215676155,1674215552698,944,200,armpits,25039,134.0,455.0,514.0,110.0
7,58,4,cui, creeds. ,123457,1674215676155,1674215552698,944,200,armpits,25147,134.0,455.0,514.0,110.0
7,58,4,cui, creeds. ,123457,1674215676155,1674215552698,944,200,armpits,25240,134.0,455.0,514.0,110.0
7,58,4,cui, creeds. ,123457,1674215676155,1674215552698,944,200,armpits,25343,134.0,455.0,514.0,110.0
7,58,4,cui, creeds. ,123457,1674215676155,1674215552698,944,200,armpits,25440,134.0,455.0,514.0,110.0
7,58,4,cui, creeds. ,123457,1674215676155,1674215552698,944,200,armpits,25543,134.0,455.0,514.0,110.0
7,58,4,cui, creeds. ,123457,1674215676155,1674215552698,944,200,armpits,25641,134.0,455.0,514.0,110.0
7,58,4,cui, creeds. ,123457,1674215676155,1674215552698,944,200,armpits,25742,134.0,455.0,514.0,110.0
7,58,4,cui, creeds. ,123457,1674215676155,1674215552698,944,200,armpits,25842,134.0,455.0,514.0,110.0
7,58,4,cui, creeds. ,123457,1674215676155,1674215552698,944,200,armpits,25941,134.0,455.0,514.0,110.0
7,58,4,cui, creeds. ,123457,1674215676155,1674215552698,944,200,armpits,26040,134.0,455.0,514.0,110.0
7,58,4,cui, creeds. ,123457,1674215676155,1674215552698,944,200,armpits,26142,134.0,455.0,514.0,110.0
7,58,4,cui, creeds. ,123457,1674215676155,1674215552698,944,200,armpits,26240,134.0,455.0,514.0,110.0
7,58,4,cui, creeds. ,123457,1674215676155,1674215552698,944,200,armpits,26342,134.0,455.0,514.0,110.0
7,58,4,cui, creeds. ,123457,1674215676155,1674215552698,944,200,armpits,26441,134.0,455.0,514.0,110.0
7,58,4,cui, creeds. ,123457,1674215676155,1674215552698,944,200,armpits,26548,134.0,455.0,514.0,110.0
7,-1,4,cui,,123457,1674215676155,1674215552698,700,500,armpits,26632,,,,
7,58,3,cui, then ,123457,1674215676155,1674215552698,944,200,account,8,134.0,90.0,131.0,110.0
7,58,3,cui, then ,123457,1674215676155,1674215552698,944,200,account,107,134.0,90.0,131.0,110.0
7,58,3,cui, then ,123457,1674215676155,1674215552698,944,200,account,208,134.0,90.0,131.0,110.0
7,58,3,cui, then ,123457,1674215676155,1674215552698,944,200,account,313,134.0,90.0,131.0,110.0
7,58,3,cui, then ,123457,1674215676155,1674215552698,944,200,account,407,134.0,90.0,131.0,110.0
7,58,3,cui, then ,123457,1674215676155,1674215552698,944,200,account,504,134.0,90.0,131.0,110.0
7,58,3,cui, then ,123457,1674215676155,1674215552698,944,200,account,608,134.0,90.0,131.0,110.0
7,58,3,cui, then ,123457,1674215676155,1674215552698,944,200,account,715,134.0,90.0,131.0,110.0
7,58,3,cui, then ,123457,1674215676155,1674215552698,944,200,account,807,134.0,90.0,131.0,110.0
7,58,3,cui, then ,123457,1674215676155,1674215552698,944,200,account,910,134.0,90.0,131.0,110.0
7,58,3,cui, then ,123457,1674215676155,1674215552698,944,200,account,1007,134.0,90.0,131.0,110.0
7,58,3,cui, then ,123457,1674215676155,1674215552698,944,200,account,1108,134.0,90.0,131.0,110.0
7,58,3,cui, then ,123457,1674215676155,1674215552698,944,200,account,1207,134.0,90.0,131.0,110.0
7,0,3,cui, I ,123457,1674215676155,1674215552698,468,79,account,1308,26.0,0.0,10.0,2.0
7,1,3,cui, wanted ,123457,1674215676155,1674215552698,475,85,account,1407,26.0,10.0,74.0,2.0
7,1,3,cui, wanted ,123457,1674215676155,1674215552698,476,86,account,1507,26.0,10.0,74.0,2.0
7,1,3,cui, wanted ,123457,1674215676155,1674215552698,477,86,account,1608,26.0,10.0,74.0,2.0
7,1,3,cui, wanted ,123457,1674215676155,1674215552698,477,86,account,1709,26.0,10.0,74.0,2.0
7,1,3,cui, wanted ,123457,1674215676155,1674215552698,477,86,account,1807,26.0,10.0,74.0,2.0
7,1,3,cui, wanted ,123457,1674215676155,1674215552698,477,86,account,1908,26.0,10.0,74.0,2.0
7,1,3,cui, wanted ,123457,1674215676155,1674215552698,477,86,account,2007,26.0,10.0,74.0,2.0
7,1,3,cui, wanted ,123457,1674215676155,1674215552698,527,86,account,2109,26.0,10.0,74.0,2.0
7,2,3,cui, to ,123457,1674215676155,1674215552698,550,89,account,2207,26.0,73.0,95.0,2.0
7,3,3,cui, live ,123457,1674215676155,1674215552698,563,89,account,2308,26.0,94.0,127.0,2.0
7,3,3,cui, live ,123457,1674215676155,1674215552698,572,89,account,2407,26.0,94.0,127.0,2.0
7,3,3,cui, live ,123457,1674215676155,1674215552698,584,88,account,2509,26.0,94.0,127.0,2.0
7,4,3,cui, deep ,123457,1674215676155,1674215552698,589,86,account,2607,26.0,126.0,171.0,2.0
7,4,3,cui, deep ,123457,1674215676155,1674215552698,589,86,account,2707,26.0,126.0,171.0,2.0
7,4,3,cui, deep ,123457,1674215676155,1674215552698,589,86,account,2808,26.0,126.0,171.0,2.0
7,4,3,cui, deep ,123457,1674215676155,1674215552698,589,86,account,2911,26.0,126.0,171.0,2.0
7,4,3,cui, deep ,123457,1674215676155,1674215552698,592,87,account,3007,26.0,126.0,171.0,2.0
7,4,3,cui, deep ,123457,1674215676155,1674215552698,614,91,account,3108,26.0,126.0,171.0,2.0
7,4,3,cui, deep ,123457,1674215676155,1674215552698,626,91,account,3207,26.0,126.0,171.0,2.0
7,5,3,cui, and ,123457,1674215676155,1674215552698,641,87,account,3310,26.0,170.0,205.0,2.0
7,5,3,cui, and ,123457,1674215676155,1674215552698,657,81,account,3407,26.0,170.0,205.0,2.0
7,6,3,cui, suck ,123457,1674215676155,1674215552698,677,82,account,3507,26.0,205.0,248.0,2.0
7,6,3,cui, suck ,123457,1674215676155,1674215552698,700,81,account,3607,26.0,205.0,248.0,2.0
7,7,3,cui, out ,123457,1674215676155,1674215552698,718,77,account,3709,26.0,247.0,279.0,2.0
7,7,3,cui, out ,123457,1674215676155,1674215552698,718,77,account,3808,26.0,247.0,279.0,2.0
7,7,3,cui, out ,123457,1674215676155,1674215552698,718,77,account,3911,26.0,247.0,279.0,2.0
7,7,3,cui, out ,123457,1674215676155,1674215552698,718,77,account,4011,26.0,247.0,279.0,2.0
7,7,3,cui, out ,123457,1674215676155,1674215552698,718,77,account,4115,26.0,247.0,279.0,2.0
7,7,3,cui, out ,123457,1674215676155,1674215552698,731,82,account,4207,26.0,247.0,279.0,2.0
7,8,3,cui, all ,123457,1674215676155,1674215552698,754,93,account,4309,26.0,278.0,302.0,2.0
7,9,3,cui, the ,123457,1674215676155,1674215552698,767,95,account,4407,26.0,301.0,332.0,2.0
7,9,3,cui, the ,123457,1674215676155,1674215552698,788,89,account,4509,26.0,301.0,332.0,2.0
7,10,3,cui, marrow ,123457,1674215676155,1674215552698,801,85,account,4607,26.0,332.0,398.0,2.0
7,10,3,cui, marrow ,123457,1674215676155,1674215552698,807,85,account,4710,26.0,332.0,398.0,2.0
7,10,3,cui, marrow ,123457,1674215676155,1674215552698,815,87,account,4807,26.0,332.0,398.0,2.0
7,10,3,cui, marrow ,123457,1674215676155,1674215552698,834,88,account,4909,26.0,332.0,398.0,2.0
7,10,3,cui, marrow ,123457,1674215676155,1674215552698,840,88,account,5007,26.0,332.0,398.0,2.0
7,10,3,cui, marrow ,123457,1674215676155,1674215552698,840,88,account,5108,26.0,332.0,398.0,2.0
7,10,3,cui, marrow ,123457,1674215676155,1674215552698,840,88,account,5207,26.0,332.0,398.0,2.0
7,10,3,cui, marrow ,123457,1674215676155,1674215552698,841,88,account,5308,26.0,332.0,398.0,2.0
7,11,3,cui, of ,123457,1674215676155,1674215552698,872,88,account,5407,26.0,397.0,419.0,2.0
7,12,3,cui," life, ",123457,1674215676155,1674215552698,901,89,account,5508,26.0,419.0,454.0,2.0
7,13,3,cui, to ,123457,1674215676155,1674215552698,916,89,account,5616,26.0,453.0,475.0,2.0
7,13,3,cui, to ,123457,1674215676155,1674215552698,922,90,account,5707,26.0,453.0,475.0,2.0
7,13,3,cui, to ,123457,1674215676155,1674215552698,936,92,account,5807,26.0,453.0,475.0,2.0
7,14,3,cui, live ,123457,1674215676155,1674215552698,943,93,account,5907,26.0,475.0,502.0,2.0
7,14,3,cui, live ,123457,1674215676155,1674215552698,943,93,account,6007,26.0,475.0,502.0,2.0
7,12,3,cui," life, ",123457,1674215676155,1674215552698,895,93,account,6106,26.0,419.0,454.0,2.0
7,6,3,cui, suck ,123457,1674215676155,1674215552698,692,95,account,6207,26.0,205.0,248.0,2.0
7,3,3,cui, live ,123457,1674215676155,1674215552698,579,97,account,6308,26.0,94.0,127.0,2.0
7,17,3,cui, and ,123457,1674215676155,1674215552698,551,101,account,6407,53.0,87.0,122.0,29.0
7,16,3,cui, sturdily ,123457,1674215676155,1674215552698,534,101,account,6507,53.0,24.0,89.0,29.0
7,16,3,cui, sturdily ,123457,1674215676155,1674215552698,505,108,account,6607,53.0,24.0,89.0,29.0
7,15,3,cui, so ,123457,1674215676155,1674215552698,481,112,account,6707,53.0,0.0,25.0,29.0
7,15,3,cui, so ,123457,1674215676155,1674215552698,476,113,account,6807,53.0,0.0,25.0,29.0
7,15,3,cui, so ,123457,1674215676155,1674215552698,476,113,account,6908,53.0,0.0,25.0,29.0
7,16,3,cui, sturdily ,123457,1674215676155,1674215552698,490,113,account,7007,53.0,24.0,89.0,29.0
7,16,3,cui, sturdily ,123457,1674215676155,1674215552698,515,115,account,7107,53.0,24.0,89.0,29.0
7,16,3,cui, sturdily ,123457,1674215676155,1674215552698,536,118,account,7207,53.0,24.0,89.0,29.0
7,17,3,cui, and ,123457,1674215676155,1674215552698,562,119,account,7308,53.0,87.0,122.0,29.0
7,17,3,cui, and ,123457,1674215676155,1674215552698,580,117,account,7405,53.0,87.0,122.0,29.0
7,18,3,cui, Spartan-like ,123457,1674215676155,1674215552698,598,114,account,7507,53.0,122.0,228.0,29.0
7,18,3,cui, Spartan-like ,123457,1674215676155,1674215552698,615,112,account,7607,53.0,122.0,228.0,29.0
7,18,3,cui, Spartan-like ,123457,1674215676155,1674215552698,636,112,account,7707,53.0,122.0,228.0,29.0
7,18,3,cui, Spartan-like ,123457,1674215676155,1674215552698,661,112,account,7808,53.0,122.0,228.0,29.0
7,18,3,cui, Spartan-like ,123457,1674215676155,1674215552698,672,109,account,7907,53.0,122.0,228.0,29.0
7,19,3,cui, as ,123457,1674215676155,1674215552698,694,113,account,8008,53.0,226.0,250.0,29.0
7,19,3,cui, as ,123457,1674215676155,1674215552698,705,117,account,8109,53.0,226.0,250.0,29.0
7,19,3,cui, as ,123457,1674215676155,1674215552698,705,117,account,8208,53.0,226.0,250.0,29.0
7,19,3,cui, as ,123457,1674215676155,1674215552698,705,117,account,8314,53.0,226.0,250.0,29.0
7,19,3,cui, as ,123457,1674215676155,1674215552698,705,117,account,8410,53.0,226.0,250.0,29.0
7,19,3,cui, as ,123457,1674215676155,1674215552698,706,117,account,8507,53.0,226.0,250.0,29.0
7,21,3,cui, put ,123457,1674215676155,1674215552698,749,116,account,8607,53.0,271.0,303.0,29.0
7,22,3,cui, to ,123457,1674215676155,1674215552698,765,117,account,8707,53.0,302.0,324.0,29.0
7,22,3,cui, to ,123457,1674215676155,1674215552698,776,119,account,8812,53.0,302.0,324.0,29.0
7,23,3,cui, rout ,123457,1674215676155,1674215552698,805,116,account,8908,53.0,324.0,362.0,29.0
7,24,3,cui, all ,123457,1674215676155,1674215552698,824,116,account,9007,53.0,361.0,385.0,29.0
7,24,3,cui, all ,123457,1674215676155,1674215552698,843,116,account,9107,53.0,361.0,385.0,29.0
7,25,3,cui, that ,123457,1674215676155,1674215552698,853,115,account,9207,53.0,385.0,422.0,29.0
7,25,3,cui, that ,123457,1674215676155,1674215552698,853,115,account,9311,53.0,385.0,422.0,29.0
7,25,3,cui, that ,123457,1674215676155,1674215552698,853,115,account,9408,53.0,385.0,422.0,29.0
7,25,3,cui, that ,123457,1674215676155,1674215552698,853,115,account,9513,53.0,385.0,422.0,29.0
7,25,3,cui, that ,123457,1674215676155,1674215552698,869,117,account,9607,53.0,385.0,422.0,29.0
7,26,3,cui, was ,123457,1674215676155,1674215552698,892,118,account,9708,53.0,421.0,458.0,29.0
7,26,3,cui, was ,123457,1674215676155,1674215552698,902,119,account,9807,53.0,421.0,458.0,29.0
7,26,3,cui, was ,123457,1674215676155,1674215552698,916,118,account,9908,53.0,421.0,458.0,29.0
7,26,3,cui, was ,123457,1674215676155,1674215552698,918,118,account,10007,53.0,421.0,458.0,29.0
7,26,3,cui, was ,123457,1674215676155,1674215552698,918,118,account,10108,53.0,421.0,458.0,29.0
7,26,3,cui, was ,123457,1674215676155,1674215552698,894,116,account,10207,53.0,421.0,458.0,29.0
7,23,3,cui, rout ,123457,1674215676155,1674215552698,822,124,account,10307,53.0,324.0,362.0,29.0
7,35,3,cui, shave ,123457,1674215676155,1674215552698,718,135,account,10408,80.0,240.0,292.0,56.0
7,33,3,cui, swath ,123457,1674215676155,1674215552698,636,135,account,10508,80.0,153.0,206.0,56.0
7,32,3,cui, broad ,123457,1674215676155,1674215552698,581,135,account,10608,80.0,102.0,154.0,56.0
7,31,3,cui, a ,123457,1674215676155,1674215552698,548,136,account,10707,80.0,86.0,101.0,56.0
7,30,3,cui, cut ,123457,1674215676155,1674215552698,531,139,account,10807,80.0,56.0,87.0,56.0
7,29,3,cui, to ,123457,1674215676155,1674215552698,515,139,account,10907,80.0,34.0,56.0,56.0
7,29,3,cui, to ,123457,1674215676155,1674215552698,497,140,account,11007,80.0,34.0,56.0,56.0
7,28,3,cui," life, ",123457,1674215676155,1674215552698,493,141,account,11108,80.0,0.0,35.0,56.0
7,28,3,cui," life, ",123457,1674215676155,1674215552698,493,142,account,11207,80.0,0.0,35.0,56.0
7,29,3,cui, to ,123457,1674215676155,1674215552698,497,145,account,11307,80.0,34.0,56.0,56.0
7,29,3,cui, to ,123457,1674215676155,1674215552698,516,146,account,11407,80.0,34.0,56.0,56.0
7,30,3,cui, cut ,123457,1674215676155,1674215552698,538,146,account,11507,80.0,56.0,87.0,56.0
7,31,3,cui, a ,123457,1674215676155,1674215552698,555,146,account,11607,80.0,86.0,101.0,56.0
7,32,3,cui, broad ,123457,1674215676155,1674215552698,581,146,account,11707,80.0,102.0,154.0,56.0
7,33,3,cui, swath ,123457,1674215676155,1674215552698,632,142,account,11808,80.0,153.0,206.0,56.0
7,33,3,cui, swath ,123457,1674215676155,1674215552698,659,137,account,11908,80.0,153.0,206.0,56.0
7,34,3,cui, and ,123457,1674215676155,1674215552698,671,137,account,12007,80.0,205.0,240.0,56.0
7,34,3,cui, and ,123457,1674215676155,1674215552698,686,142,account,12107,80.0,205.0,240.0,56.0
7,35,3,cui, shave ,123457,1674215676155,1674215552698,709,148,account,12208,80.0,240.0,292.0,56.0
7,35,3,cui, shave ,123457,1674215676155,1674215552698,731,149,account,12307,80.0,240.0,292.0,56.0
7,35,3,cui, shave ,123457,1674215676155,1674215552698,749,143,account,12407,80.0,240.0,292.0,56.0
7,36,3,cui," close, ",123457,1674215676155,1674215552698,763,140,account,12507,80.0,290.0,343.0,56.0
7,36,3,cui," close, ",123457,1674215676155,1674215552698,774,140,account,12607,80.0,290.0,343.0,56.0
7,36,3,cui," close, ",123457,1674215676155,1674215552698,782,139,account,12708,80.0,290.0,343.0,56.0
7,36,3,cui," close, ",123457,1674215676155,1674215552698,795,136,account,12807,80.0,290.0,343.0,56.0
7,37,3,cui, to ,123457,1674215676155,1674215552698,806,136,account,12907,80.0,342.0,364.0,56.0
7,37,3,cui, to ,123457,1674215676155,1674215552698,817,136,account,13007,80.0,342.0,364.0,56.0
7,38,3,cui, drive ,123457,1674215676155,1674215552698,832,140,account,13106,80.0,364.0,409.0,56.0
7,38,3,cui, drive ,123457,1674215676155,1674215552698,837,141,account,13206,80.0,364.0,409.0,56.0
7,38,3,cui, drive ,123457,1674215676155,1674215552698,837,141,account,13307,80.0,364.0,409.0,56.0
7,38,3,cui, drive ,123457,1674215676155,1674215552698,837,141,account,13406,80.0,364.0,409.0,56.0
7,38,3,cui, drive ,123457,1674215676155,1674215552698,844,140,account,13508,80.0,364.0,409.0,56.0
7,39,3,cui, life ,123457,1674215676155,1674215552698,884,140,account,13607,80.0,407.0,438.0,56.0
7,40,3,cui, into ,123457,1674215676155,1674215552698,904,140,account,13707,80.0,437.0,473.0,56.0
7,40,3,cui, into ,123457,1674215676155,1674215552698,915,141,account,13807,80.0,437.0,473.0,56.0
7,40,3,cui, into ,123457,1674215676155,1674215552698,924,143,account,13908,80.0,437.0,473.0,56.0
7,40,3,cui, into ,123457,1674215676155,1674215552698,929,143,account,14003,80.0,437.0,473.0,56.0
7,40,3,cui, into ,123457,1674215676155,1674215552698,931,143,account,14110,80.0,437.0,473.0,56.0
7,40,3,cui, into ,123457,1674215676155,1674215552698,934,143,account,14206,80.0,437.0,473.0,56.0
7,41,3,cui, a ,123457,1674215676155,1674215552698,937,144,account,14310,80.0,473.0,483.0,56.0
7,41,3,cui, a ,123457,1674215676155,1674215552698,938,145,account,14406,80.0,473.0,483.0,56.0
7,41,3,cui, a ,123457,1674215676155,1674215552698,938,145,account,14508,80.0,473.0,483.0,56.0
7,41,3,cui, a ,123457,1674215676155,1674215552698,938,145,account,14606,80.0,473.0,483.0,56.0
7,41,3,cui, a ,123457,1674215676155,1674215552698,938,145,account,14714,80.0,473.0,483.0,56.0
7,41,3,cui, a ,123457,1674215676155,1674215552698,938,145,account,14807,80.0,473.0,483.0,56.0
7,41,3,cui, a ,123457,1674215676155,1674215552698,938,145,account,14914,80.0,473.0,483.0,56.0
7,41,3,cui, a ,123457,1674215676155,1674215552698,938,145,account,15006,80.0,473.0,483.0,56.0
7,40,3,cui, into ,123457,1674215676155,1674215552698,934,145,account,15108,80.0,437.0,473.0,56.0
7,39,3,cui, life ,123457,1674215676155,1674215552698,888,145,account,15207,80.0,407.0,438.0,56.0
7,36,3,cui," close, ",123457,1674215676155,1674215552698,793,144,account,15311,80.0,290.0,343.0,56.0
7,35,3,cui, shave ,123457,1674215676155,1674215552698,742,142,account,15407,80.0,240.0,292.0,56.0
7,35,3,cui, shave ,123457,1674215676155,1674215552698,717,141,account,15507,80.0,240.0,292.0,56.0
7,34,3,cui, and ,123457,1674215676155,1674215552698,681,147,account,15607,80.0,205.0,240.0,56.0
7,32,3,cui, broad ,123457,1674215676155,1674215552698,566,153,account,15709,80.0,102.0,154.0,56.0
7,42,3,cui," corner, ",123457,1674215676155,1674215552698,499,155,account,15807,107.0,0.0,62.0,83.0
7,42,3,cui," corner, ",123457,1674215676155,1674215552698,469,154,account,15907,107.0,0.0,62.0,83.0
7,42,3,cui," corner, ",123457,1674215676155,1674215552698,462,153,account,16007,107.0,0.0,62.0,83.0
7,42,3,cui," corner, ",123457,1674215676155,1674215552698,462,153,account,16107,107.0,0.0,62.0,83.0
7,42,3,cui," corner, ",123457,1674215676155,1674215552698,464,155,account,16207,107.0,0.0,62.0,83.0
7,42,3,cui," corner, ",123457,1674215676155,1674215552698,466,162,account,16307,107.0,0.0,62.0,83.0
7,42,3,cui," corner, ",123457,1674215676155,1674215552698,469,167,account,16407,107.0,0.0,62.0,83.0
7,42,3,cui," corner, ",123457,1674215676155,1674215552698,476,171,account,16507,107.0,0.0,62.0,83.0
7,42,3,cui," corner, ",123457,1674215676155,1674215552698,479,171,account,16607,107.0,0.0,62.0,83.0
7,42,3,cui," corner, ",123457,1674215676155,1674215552698,488,172,account,16707,107.0,0.0,62.0,83.0
7,42,3,cui," corner, ",123457,1674215676155,1674215552698,509,173,account,16807,107.0,0.0,62.0,83.0
7,43,3,cui, and ,123457,1674215676155,1674215552698,539,173,account,16908,107.0,61.0,96.0,83.0
7,43,3,cui, and ,123457,1674215676155,1674215552698,549,172,account,17007,107.0,61.0,96.0,83.0
7,44,3,cui, reduce ,123457,1674215676155,1674215552698,559,172,account,17113,107.0,95.0,156.0,83.0
7,44,3,cui, reduce ,123457,1674215676155,1674215552698,575,173,account,17207,107.0,95.0,156.0,83.0
7,44,3,cui, reduce ,123457,1674215676155,1674215552698,600,171,account,17307,107.0,95.0,156.0,83.0
7,45,3,cui, it ,123457,1674215676155,1674215552698,619,169,account,17407,107.0,155.0,171.0,83.0
7,46,3,cui, to ,123457,1674215676155,1674215552698,639,169,account,17507,107.0,171.0,193.0,83.0
7,46,3,cui, to ,123457,1674215676155,1674215552698,645,168,account,17613,107.0,171.0,193.0,83.0
7,46,3,cui, to ,123457,1674215676155,1674215552698,645,168,account,17708,107.0,171.0,193.0,83.0
7,46,3,cui, to ,123457,1674215676155,1674215552698,645,168,account,17806,107.0,171.0,193.0,83.0
7,46,3,cui, to ,123457,1674215676155,1674215552698,645,168,account,17906,107.0,171.0,193.0,83.0
7,48,3,cui, lowest ,123457,1674215676155,1674215552698,680,172,account,18007,107.0,217.0,275.0,83.0
7,48,3,cui, lowest ,123457,1674215676155,1674215552698,710,173,account,18109,107.0,217.0,275.0,83.0
7,48,3,cui, lowest ,123457,1674215676155,1674215552698,734,174,account,18207,107.0,217.0,275.0,83.0
7,49,3,cui," terms, ",123457,1674215676155,1674215552698,752,175,account,18308,107.0,274.0,330.0,83.0
7,49,3,cui," terms, ",123457,1674215676155,1674215552698,752,175,account,18408,107.0,274.0,330.0,83.0
7,49,3,cui," terms, ",123457,1674215676155,1674215552698,752,175,account,18514,107.0,274.0,330.0,83.0
7,49,3,cui," terms, ",123457,1674215676155,1674215552698,752,175,account,18610,107.0,274.0,330.0,83.0
7,49,3,cui," terms, ",123457,1674215676155,1674215552698,764,174,account,18707,107.0,274.0,330.0,83.0
7,50,3,cui," and, ",123457,1674215676155,1674215552698,814,171,account,18807,107.0,329.0,369.0,83.0
7,51,3,cui, if ,123457,1674215676155,1674215552698,833,171,account,18908,107.0,368.0,385.0,83.0
7,52,3,cui, it ,123457,1674215676155,1674215552698,847,172,account,19007,107.0,384.0,400.0,83.0
7,52,3,cui, it ,123457,1674215676155,1674215552698,850,171,account,19106,107.0,384.0,400.0,83.0
7,52,3,cui, it ,123457,1674215676155,1674215552698,850,171,account,19210,107.0,384.0,400.0,83.0
7,52,3,cui, it ,123457,1674215676155,1674215552698,850,171,account,19310,107.0,384.0,400.0,83.0
7,52,3,cui, it ,123457,1674215676155,1674215552698,862,171,account,19407,107.0,384.0,400.0,83.0
7,53,3,cui, proved ,123457,1674215676155,1674215552698,891,170,account,19504,107.0,400.0,461.0,83.0
7,53,3,cui, proved ,123457,1674215676155,1674215552698,906,170,account,19607,107.0,400.0,461.0,83.0
7,54,3,cui, to ,123457,1674215676155,1674215552698,923,169,account,19711,107.0,460.0,482.0,83.0
7,54,3,cui, to ,123457,1674215676155,1674215552698,934,169,account,19807,107.0,460.0,482.0,83.0
7,54,3,cui, to ,123457,1674215676155,1674215552698,940,169,account,19908,107.0,460.0,482.0,83.0
7,54,3,cui, to ,123457,1674215676155,1674215552698,941,169,account,20006,107.0,460.0,482.0,83.0
7,54,3,cui, to ,123457,1674215676155,1674215552698,936,168,account,20107,107.0,460.0,482.0,83.0
7,53,3,cui, proved ,123457,1674215676155,1674215552698,920,168,account,20207,107.0,400.0,461.0,83.0
7,50,3,cui," and, ",123457,1674215676155,1674215552698,821,171,account,20307,107.0,329.0,369.0,83.0
7,59,3,cui, to ,123457,1674215676155,1674215552698,605,202,account,20407,134.0,130.0,152.0,110.0
7,57,3,cui, why ,123457,1674215676155,1674215552698,543,205,account,20507,134.0,53.0,90.0,110.0
7,57,3,cui, why ,123457,1674215676155,1674215552698,540,203,account,20610,134.0,53.0,90.0,110.0
7,57,3,cui, why ,123457,1674215676155,1674215552698,533,199,account,20708,134.0,53.0,90.0,110.0
7,57,3,cui, why ,123457,1674215676155,1674215552698,520,197,account,20807,134.0,53.0,90.0,110.0
7,56,3,cui," mean, ",123457,1674215676155,1674215552698,512,197,account,20907,134.0,0.0,54.0,110.0
7,57,3,cui, why ,123457,1674215676155,1674215552698,521,197,account,21007,134.0,53.0,90.0,110.0
7,58,3,cui, then ,123457,1674215676155,1674215552698,553,197,account,21108,134.0,90.0,131.0,110.0
7,58,3,cui, then ,123457,1674215676155,1674215552698,588,197,account,21207,134.0,90.0,131.0,110.0
7,59,3,cui, to ,123457,1674215676155,1674215552698,609,197,account,21307,134.0,130.0,152.0,110.0
7,60,3,cui, get ,123457,1674215676155,1674215552698,626,197,account,21407,134.0,151.0,183.0,110.0
7,61,3,cui, the ,123457,1674215676155,1674215552698,645,195,account,21507,134.0,182.0,213.0,110.0
7,61,3,cui, the ,123457,1674215676155,1674215552698,663,192,account,21607,134.0,182.0,213.0,110.0
7,62,3,cui, whole ,123457,1674215676155,1674215552698,679,192,account,21707,134.0,213.0,266.0,110.0
7,62,3,cui, whole ,123457,1674215676155,1674215552698,712,197,account,21807,134.0,213.0,266.0,110.0
7,63,3,cui, and ,123457,1674215676155,1674215552698,731,198,account,21907,134.0,264.0,299.0,110.0
7,63,3,cui, and ,123457,1674215676155,1674215552698,732,198,account,22005,134.0,264.0,299.0,110.0
7,63,3,cui, and ,123457,1674215676155,1674215552698,732,198,account,22114,134.0,264.0,299.0,110.0
7,63,3,cui, and ,123457,1674215676155,1674215552698,732,198,account,22205,134.0,264.0,299.0,110.0
7,63,3,cui, and ,123457,1674215676155,1674215552698,756,198,account,22308,134.0,264.0,299.0,110.0
7,64,3,cui, genuine ,123457,1674215676155,1674215552698,795,204,account,22405,134.0,299.0,368.0,110.0
7,64,3,cui, genuine ,123457,1674215676155,1674215552698,819,205,account,22507,134.0,299.0,368.0,110.0
7,65,3,cui, meanness ,123457,1674215676155,1674215552698,835,205,account,22607,134.0,366.0,453.0,110.0
7,65,3,cui, meanness ,123457,1674215676155,1674215552698,854,202,account,22707,134.0,366.0,453.0,110.0
7,65,3,cui, meanness ,123457,1674215676155,1674215552698,865,200,account,22806,134.0,366.0,453.0,110.0
7,65,3,cui, meanness ,123457,1674215676155,1674215552698,866,200,account,22907,134.0,366.0,453.0,110.0
7,65,3,cui, meanness ,123457,1674215676155,1674215552698,866,200,account,23008,134.0,366.0,453.0,110.0
7,65,3,cui, meanness ,123457,1674215676155,1674215552698,869,200,account,23109,134.0,366.0,453.0,110.0
7,65,3,cui, meanness ,123457,1674215676155,1674215552698,899,200,account,23206,134.0,366.0,453.0,110.0
7,66,3,cui, of ,123457,1674215676155,1674215552698,916,200,account,23307,134.0,451.0,473.0,110.0
7,66,3,cui, of ,123457,1674215676155,1674215552698,924,200,account,23405,134.0,451.0,473.0,110.0
7,66,3,cui, of ,123457,1674215676155,1674215552698,933,199,account,23506,134.0,451.0,473.0,110.0
7,67,3,cui," it, ",123457,1674215676155,1674215552698,940,199,account,23607,134.0,473.0,488.0,110.0
7,67,3,cui," it, ",123457,1674215676155,1674215552698,943,199,account,23707,134.0,473.0,488.0,110.0
7,66,3,cui, of ,123457,1674215676155,1674215552698,933,203,account,23807,134.0,451.0,473.0,110.0
7,66,3,cui, of ,123457,1674215676155,1674215552698,879,208,account,23907,134.0,451.0,473.0,110.0
7,73,3,cui, the ,123457,1674215676155,1674215552698,704,225,account,24007,161.0,227.0,258.0,137.0
7,70,3,cui, its ,123457,1674215676155,1674215552698,582,232,account,24111,161.0,96.0,121.0,137.0
7,70,3,cui, its ,123457,1674215676155,1674215552698,561,233,account,24210,161.0,96.0,121.0,137.0
7,69,3,cui, publish ,123457,1674215676155,1674215552698,547,233,account,24307,161.0,35.0,98.0,137.0
7,69,3,cui, publish ,123457,1674215676155,1674215552698,528,231,account,24407,161.0,35.0,98.0,137.0
7,69,3,cui, publish ,123457,1674215676155,1674215552698,497,228,account,24508,161.0,35.0,98.0,137.0
7,68,3,cui, and ,123457,1674215676155,1674215552698,487,228,account,24607,161.0,0.0,35.0,137.0
7,68,3,cui, and ,123457,1674215676155,1674215552698,487,228,account,24707,161.0,0.0,35.0,137.0
7,68,3,cui, and ,123457,1674215676155,1674215552698,487,228,account,24809,161.0,0.0,35.0,137.0
7,68,3,cui, and ,123457,1674215676155,1674215552698,495,228,account,24907,161.0,0.0,35.0,137.0
7,71,3,cui, meanness ,123457,1674215676155,1674215552698,599,228,account,25007,161.0,121.0,208.0,137.0
7,71,3,cui, meanness ,123457,1674215676155,1674215552698,650,228,account,25107,161.0,121.0,208.0,137.0
7,71,3,cui, meanness ,123457,1674215676155,1674215552698,666,232,account,25207,161.0,121.0,208.0,137.0
7,71,3,cui, meanness ,123457,1674215676155,1674215552698,686,233,account,25308,161.0,121.0,208.0,137.0
7,73,3,cui, the ,123457,1674215676155,1674215552698,693,233,account,25406,161.0,227.0,258.0,137.0
7,73,3,cui, the ,123457,1674215676155,1674215552698,693,232,account,25507,161.0,227.0,258.0,137.0
7,73,3,cui, the ,123457,1674215676155,1674215552698,693,232,account,25608,161.0,227.0,258.0,137.0
7,73,3,cui, the ,123457,1674215676155,1674215552698,709,229,account,25708,161.0,227.0,258.0,137.0
7,74,3,cui, world; ,123457,1674215676155,1674215552698,745,221,account,25807,161.0,258.0,312.0,137.0
7,74,3,cui, world; ,123457,1674215676155,1674215552698,764,220,account,25906,161.0,258.0,312.0,137.0
7,75,3,cui, or ,123457,1674215676155,1674215552698,778,218,account,26006,161.0,311.0,333.0,137.0
7,75,3,cui, or ,123457,1674215676155,1674215552698,789,218,account,26107,161.0,311.0,333.0,137.0
7,75,3,cui, or ,123457,1674215676155,1674215552698,790,218,account,26207,161.0,311.0,333.0,137.0
7,75,3,cui, or ,123457,1674215676155,1674215552698,790,218,account,26310,161.0,311.0,333.0,137.0
7,76,3,cui, if ,123457,1674215676155,1674215552698,809,218,account,26407,161.0,333.0,350.0,137.0
7,78,3,cui, were ,123457,1674215676155,1674215552698,852,216,account,26508,161.0,365.0,409.0,137.0
7,79,3,cui," sublime, ",123457,1674215676155,1674215552698,872,214,account,26611,161.0,409.0,481.0,137.0
7,79,3,cui," sublime, ",123457,1674215676155,1674215552698,887,213,account,26707,161.0,409.0,481.0,137.0
7,79,3,cui," sublime, ",123457,1674215676155,1674215552698,908,213,account,26807,161.0,409.0,481.0,137.0
7,79,3,cui," sublime, ",123457,1674215676155,1674215552698,918,219,account,26908,161.0,409.0,481.0,137.0
7,79,3,cui," sublime, ",123457,1674215676155,1674215552698,927,222,account,27006,161.0,409.0,481.0,137.0
7,79,3,cui," sublime, ",123457,1674215676155,1674215552698,935,222,account,27108,161.0,409.0,481.0,137.0
7,79,3,cui," sublime, ",123457,1674215676155,1674215552698,940,223,account,27206,161.0,409.0,481.0,137.0
7,79,3,cui," sublime, ",123457,1674215676155,1674215552698,941,223,account,27307,161.0,409.0,481.0,137.0
7,79,3,cui," sublime, ",123457,1674215676155,1674215552698,939,225,account,27406,161.0,409.0,481.0,137.0
7,79,3,cui," sublime, ",123457,1674215676155,1674215552698,904,228,account,27507,161.0,409.0,481.0,137.0
7,75,3,cui, or ,123457,1674215676155,1674215552698,778,228,account,27606,161.0,311.0,333.0,137.0
7,84,3,cui," experience, ",123457,1674215676155,1674215552698,638,252,account,27707,188.0,87.0,185.0,164.0
7,84,3,cui," experience, ",123457,1674215676155,1674215552698,573,256,account,27806,188.0,87.0,185.0,164.0
7,98,3,cui, next ,123457,1674215676155,1674215552698,536,265,account,27906,215.0,64.0,104.0,191.0
7,97,3,cui, my ,123457,1674215676155,1674215552698,514,266,account,28006,215.0,36.0,65.0,191.0
7,97,3,cui, my ,123457,1674215676155,1674215552698,506,262,account,28106,215.0,36.0,65.0,191.0
7,81,3,cui, know ,123457,1674215676155,1674215552698,506,259,account,28206,188.0,0.0,48.0,164.0
7,83,3,cui, by ,123457,1674215676155,1674215552698,534,250,account,28307,188.0,63.0,88.0,164.0
7,84,3,cui," experience, ",123457,1674215676155,1674215552698,574,250,account,28406,188.0,87.0,185.0,164.0
7,84,3,cui," experience, ",123457,1674215676155,1674215552698,593,253,account,28508,188.0,87.0,185.0,164.0
7,84,3,cui," experience, ",123457,1674215676155,1674215552698,617,252,account,28606,188.0,87.0,185.0,164.0
7,85,3,cui, and ,123457,1674215676155,1674215552698,653,246,account,28706,188.0,183.0,218.0,164.0
7,85,3,cui, and ,123457,1674215676155,1674215552698,676,247,account,28807,188.0,183.0,218.0,164.0
7,86,3,cui, to ,123457,1674215676155,1674215552698,692,250,account,28906,188.0,218.0,240.0,164.0
7,87,3,cui, be ,123457,1674215676155,1674215552698,726,250,account,29006,188.0,239.0,264.0,164.0
7,88,3,cui, able ,123457,1674215676155,1674215552698,750,254,account,29107,188.0,264.0,303.0,164.0
7,88,3,cui, able ,123457,1674215676155,1674215552698,752,254,account,29207,188.0,264.0,303.0,164.0
7,88,3,cui, able ,123457,1674215676155,1674215552698,752,254,account,29308,188.0,264.0,303.0,164.0
7,88,3,cui, able ,123457,1674215676155,1674215552698,752,254,account,29409,188.0,264.0,303.0,164.0
7,90,3,cui, give ,123457,1674215676155,1674215552698,790,254,account,29506,188.0,325.0,364.0,164.0
7,92,3,cui, true ,123457,1674215676155,1674215552698,848,254,account,29605,188.0,377.0,415.0,164.0
7,92,3,cui, true ,123457,1674215676155,1674215552698,868,254,account,29706,188.0,377.0,415.0,164.0
7,93,3,cui, account ,123457,1674215676155,1674215552698,881,254,account,29806,188.0,414.0,484.0,164.0
7,93,3,cui, account ,123457,1674215676155,1674215552698,904,254,account,29909,188.0,414.0,484.0,164.0
7,93,3,cui, account ,123457,1674215676155,1674215552698,927,251,account,30006,188.0,414.0,484.0,164.0
7,93,3,cui, account ,123457,1674215676155,1674215552698,933,252,account,30106,188.0,414.0,484.0,164.0
7,93,3,cui, account ,123457,1674215676155,1674215552698,933,253,account,30206,188.0,414.0,484.0,164.0
7,93,3,cui, account ,123457,1674215676155,1674215552698,915,262,account,30306,188.0,414.0,484.0,164.0
7,93,3,cui, account ,123457,1674215676155,1674215552698,863,262,account,30407,188.0,414.0,484.0,164.0
7,90,3,cui, give ,123457,1674215676155,1674215552698,800,254,account,30506,188.0,325.0,364.0,164.0
7,85,3,cui, and ,123457,1674215676155,1674215552698,632,262,account,30607,188.0,183.0,218.0,164.0
7,98,3,cui, next ,123457,1674215676155,1674215552698,540,268,account,30706,215.0,64.0,104.0,191.0
7,96,3,cui, in ,123457,1674215676155,1674215552698,496,273,account,30806,215.0,16.0,36.0,191.0
7,96,3,cui, in ,123457,1674215676155,1674215552698,491,274,account,30906,215.0,16.0,36.0,191.0
7,96,3,cui, in ,123457,1674215676155,1674215552698,491,274,account,31006,215.0,16.0,36.0,191.0
7,97,3,cui, my ,123457,1674215676155,1674215552698,524,277,account,31106,215.0,36.0,65.0,191.0
7,99,3,cui, excursion. ,123457,1674215676155,1674215552698,570,279,account,31206,215.0,104.0,186.0,191.0
7,99,3,cui, excursion. ,123457,1674215676155,1674215552698,596,283,account,31307,215.0,104.0,186.0,191.0
7,99,3,cui, excursion. ,123457,1674215676155,1674215552698,623,287,account,31407,215.0,104.0,186.0,191.0
7,99,3,cui, excursion. ,123457,1674215676155,1674215552698,636,288,account,31505,215.0,104.0,186.0,191.0
7,99,3,cui, excursion. ,123457,1674215676155,1674215552698,636,288,account,31606,215.0,104.0,186.0,191.0
7,99,3,cui, excursion. ,123457,1674215676155,1674215552698,636,288,account,31706,215.0,104.0,186.0,191.0
7,99,3,cui, excursion. ,123457,1674215676155,1674215552698,636,288,account,31806,215.0,104.0,186.0,191.0
7,99,3,cui, excursion. ,123457,1674215676155,1674215552698,636,288,account,31908,215.0,104.0,186.0,191.0
7,99,3,cui, excursion. ,123457,1674215676155,1674215552698,636,288,account,32007,215.0,104.0,186.0,191.0
7,99,3,cui, excursion. ,123457,1674215676155,1674215552698,636,288,account,32108,215.0,104.0,186.0,191.0
7,99,3,cui, excursion. ,123457,1674215676155,1674215552698,636,288,account,32207,215.0,104.0,186.0,191.0
7,99,3,cui, excursion. ,123457,1674215676155,1674215552698,636,288,account,32306,215.0,104.0,186.0,191.0
7,99,3,cui, excursion. ,123457,1674215676155,1674215552698,636,288,account,32406,215.0,104.0,186.0,191.0
7,99,3,cui, excursion. ,123457,1674215676155,1674215552698,636,288,account,32507,215.0,104.0,186.0,191.0
7,99,3,cui, excursion. ,123457,1674215676155,1674215552698,636,288,account,32606,215.0,104.0,186.0,191.0
7,99,3,cui, excursion. ,123457,1674215676155,1674215552698,636,288,account,32708,215.0,104.0,186.0,191.0
7,99,3,cui, excursion. ,123457,1674215676155,1674215552698,636,288,account,32806,215.0,104.0,186.0,191.0
7,99,3,cui, excursion. ,123457,1674215676155,1674215552698,636,288,account,32907,215.0,104.0,186.0,191.0
7,99,3,cui, excursion. ,123457,1674215676155,1674215552698,636,288,account,33006,215.0,104.0,186.0,191.0
7,99,3,cui, excursion. ,123457,1674215676155,1674215552698,636,288,account,33107,215.0,104.0,186.0,191.0
7,99,3,cui, excursion. ,123457,1674215676155,1674215552698,636,288,account,33206,215.0,104.0,186.0,191.0
7,99,3,cui, excursion. ,123457,1674215676155,1674215552698,636,288,account,33307,215.0,104.0,186.0,191.0
7,99,3,cui, excursion. ,123457,1674215676155,1674215552698,636,288,account,33407,215.0,104.0,186.0,191.0
7,99,3,cui, excursion. ,123457,1674215676155,1674215552698,636,288,account,33506,215.0,104.0,186.0,191.0
7,99,3,cui, excursion. ,123457,1674215676155,1674215552698,636,288,account,33606,215.0,104.0,186.0,191.0
7,99,3,cui, excursion. ,123457,1674215676155,1674215552698,636,288,account,33707,215.0,104.0,186.0,191.0
7,99,3,cui, excursion. ,123457,1674215676155,1674215552698,636,288,account,33806,215.0,104.0,186.0,191.0
7,99,3,cui, excursion. ,123457,1674215676155,1674215552698,636,288,account,33907,215.0,104.0,186.0,191.0
7,99,3,cui, excursion. ,123457,1674215676155,1674215552698,636,288,account,34006,215.0,104.0,186.0,191.0
7,99,3,cui, excursion. ,123457,1674215676155,1674215552698,636,288,account,34103,215.0,104.0,186.0,191.0
7,99,3,cui, excursion. ,123457,1674215676155,1674215552698,636,288,account,34207,215.0,104.0,186.0,191.0
7,99,3,cui, excursion. ,123457,1674215676155,1674215552698,636,288,account,34308,215.0,104.0,186.0,191.0
7,99,3,cui, excursion. ,123457,1674215676155,1674215552698,636,288,account,34407,215.0,104.0,186.0,191.0
7,99,3,cui, excursion. ,123457,1674215676155,1674215552698,636,288,account,34507,215.0,104.0,186.0,191.0
7,99,3,cui, excursion. ,123457,1674215676155,1674215552698,636,288,account,34608,215.0,104.0,186.0,191.0
7,99,3,cui, excursion. ,123457,1674215676155,1674215552698,636,288,account,34711,215.0,104.0,186.0,191.0
7,99,3,cui, excursion. ,123457,1674215676155,1674215552698,636,288,account,34809,215.0,104.0,186.0,191.0
7,99,3,cui, excursion. ,123457,1674215676155,1674215552698,636,288,account,34908,215.0,104.0,186.0,191.0
7,99,3,cui, excursion. ,123457,1674215676155,1674215552698,636,288,account,35006,215.0,104.0,186.0,191.0
7,99,3,cui, excursion. ,123457,1674215676155,1674215552698,636,288,account,35107,215.0,104.0,186.0,191.0
7,99,3,cui, excursion. ,123457,1674215676155,1674215552698,636,288,account,35206,215.0,104.0,186.0,191.0
7,99,3,cui, excursion. ,123457,1674215676155,1674215552698,636,288,account,35310,215.0,104.0,186.0,191.0
7,99,3,cui, excursion. ,123457,1674215676155,1674215552698,636,288,account,35406,215.0,104.0,186.0,191.0
7,99,3,cui, excursion. ,123457,1674215676155,1674215552698,636,288,account,35507,215.0,104.0,186.0,191.0
7,99,3,cui, excursion. ,123457,1674215676155,1674215552698,636,288,account,35607,215.0,104.0,186.0,191.0
7,99,3,cui, excursion. ,123457,1674215676155,1674215552698,636,288,account,35712,215.0,104.0,186.0,191.0
7,99,3,cui, excursion. ,123457,1674215676155,1674215552698,636,288,account,35805,215.0,104.0,186.0,191.0
7,99,3,cui, excursion. ,123457,1674215676155,1674215552698,636,288,account,35909,215.0,104.0,186.0,191.0
7,99,3,cui, excursion. ,123457,1674215676155,1674215552698,636,288,account,36006,215.0,104.0,186.0,191.0
7,99,3,cui, excursion. ,123457,1674215676155,1674215552698,636,288,account,36108,215.0,104.0,186.0,191.0
7,99,3,cui, excursion. ,123457,1674215676155,1674215552698,636,288,account,36206,215.0,104.0,186.0,191.0
7,99,3,cui, excursion. ,123457,1674215676155,1674215552698,636,288,account,36308,215.0,104.0,186.0,191.0
7,99,3,cui, excursion. ,123457,1674215676155,1674215552698,636,288,account,36406,215.0,104.0,186.0,191.0
7,99,3,cui, excursion. ,123457,1674215676155,1674215552698,636,288,account,36510,215.0,104.0,186.0,191.0
7,99,3,cui, excursion. ,123457,1674215676155,1674215552698,636,288,account,36606,215.0,104.0,186.0,191.0
7,99,3,cui, excursion. ,123457,1674215676155,1674215552698,636,288,account,36707,215.0,104.0,186.0,191.0
7,99,3,cui, excursion. ,123457,1674215676155,1674215552698,636,288,account,36805,215.0,104.0,186.0,191.0
7,99,3,cui, excursion. ,123457,1674215676155,1674215552698,636,288,account,36910,215.0,104.0,186.0,191.0
7,99,3,cui, excursion. ,123457,1674215676155,1674215552698,636,288,account,37009,215.0,104.0,186.0,191.0
7,99,3,cui, excursion. ,123457,1674215676155,1674215552698,636,288,account,37109,215.0,104.0,186.0,191.0
7,99,3,cui, excursion. ,123457,1674215676155,1674215552698,636,288,account,37206,215.0,104.0,186.0,191.0
7,99,3,cui, excursion. ,123457,1674215676155,1674215552698,636,288,account,37307,215.0,104.0,186.0,191.0
7,99,3,cui, excursion. ,123457,1674215676155,1674215552698,636,288,account,37407,215.0,104.0,186.0,191.0
7,99,3,cui, excursion. ,123457,1674215676155,1674215552698,636,288,account,37508,215.0,104.0,186.0,191.0
7,99,3,cui, excursion. ,123457,1674215676155,1674215552698,636,288,account,37606,215.0,104.0,186.0,191.0
7,99,3,cui, excursion. ,123457,1674215676155,1674215552698,636,288,account,37708,215.0,104.0,186.0,191.0
7,99,3,cui, excursion. ,123457,1674215676155,1674215552698,636,288,account,37806,215.0,104.0,186.0,191.0
7,99,3,cui, excursion. ,123457,1674215676155,1674215552698,636,288,account,37908,215.0,104.0,186.0,191.0
7,99,3,cui, excursion. ,123457,1674215676155,1674215552698,636,288,account,38006,215.0,104.0,186.0,191.0
7,99,3,cui, excursion. ,123457,1674215676155,1674215552698,636,288,account,38108,215.0,104.0,186.0,191.0
7,-1,3,cui,,123457,1674215676155,1674215552698,700,500,account,38182,,,,
7,0,1,cui, In ,123457,1674215676155,1674215552698,474,90,advantages,1724,26.0,0.0,20.0,2.0
7,0,1,cui, In ,123457,1674215676155,1674215552698,480,90,advantages,1824,26.0,0.0,20.0,2.0
7,1,1,cui, my ,123457,1674215676155,1674215552698,483,90,advantages,1925,26.0,19.0,48.0,2.0
7,1,1,cui, my ,123457,1674215676155,1674215552698,490,90,advantages,2024,26.0,19.0,48.0,2.0
7,1,1,cui, my ,123457,1674215676155,1674215552698,508,90,advantages,2124,26.0,19.0,48.0,2.0
7,2,1,cui, younger ,123457,1674215676155,1674215552698,526,92,advantages,2223,26.0,48.0,118.0,2.0
7,2,1,cui, younger ,123457,1674215676155,1674215552698,526,92,advantages,2331,26.0,48.0,118.0,2.0
7,2,1,cui, younger ,123457,1674215676155,1674215552698,526,92,advantages,2426,26.0,48.0,118.0,2.0
7,2,1,cui, younger ,123457,1674215676155,1674215552698,526,92,advantages,2527,26.0,48.0,118.0,2.0
7,2,1,cui, younger ,123457,1674215676155,1674215552698,553,89,advantages,2624,26.0,48.0,118.0,2.0
7,3,1,cui, and ,123457,1674215676155,1674215552698,580,86,advantages,2724,26.0,117.0,152.0,2.0
7,3,1,cui, and ,123457,1674215676155,1674215552698,602,90,advantages,2824,26.0,117.0,152.0,2.0
7,4,1,cui, more ,123457,1674215676155,1674215552698,630,92,advantages,2926,26.0,151.0,198.0,2.0
7,4,1,cui, more ,123457,1674215676155,1674215552698,644,89,advantages,3024,26.0,151.0,198.0,2.0
7,4,1,cui, more ,123457,1674215676155,1674215552698,652,85,advantages,3129,26.0,151.0,198.0,2.0
7,4,1,cui, more ,123457,1674215676155,1674215552698,652,85,advantages,3226,26.0,151.0,198.0,2.0
7,4,1,cui, more ,123457,1674215676155,1674215552698,652,85,advantages,3329,26.0,151.0,198.0,2.0
7,4,1,cui, more ,123457,1674215676155,1674215552698,653,85,advantages,3424,26.0,151.0,198.0,2.0
7,5,1,cui, vulnerable ,123457,1674215676155,1674215552698,717,86,advantages,3525,26.0,197.0,285.0,2.0
7,5,1,cui, vulnerable ,123457,1674215676155,1674215552698,737,84,advantages,3624,26.0,197.0,285.0,2.0
7,6,1,cui, years ,123457,1674215676155,1674215552698,752,87,advantages,3725,26.0,282.0,331.0,2.0
7,6,1,cui, years ,123457,1674215676155,1674215552698,769,84,advantages,3824,26.0,282.0,331.0,2.0
7,6,1,cui, years ,123457,1674215676155,1674215552698,777,84,advantages,3925,26.0,282.0,331.0,2.0
7,6,1,cui, years ,123457,1674215676155,1674215552698,777,84,advantages,4026,26.0,282.0,331.0,2.0
7,6,1,cui, years ,123457,1674215676155,1674215552698,777,84,advantages,4127,26.0,282.0,331.0,2.0
7,6,1,cui, years ,123457,1674215676155,1674215552698,777,84,advantages,4227,26.0,282.0,331.0,2.0
7,8,1,cui, father ,123457,1674215676155,1674215552698,822,91,advantages,4327,26.0,359.0,413.0,2.0
7,8,1,cui, father ,123457,1674215676155,1674215552698,853,93,advantages,4424,26.0,359.0,413.0,2.0
7,9,1,cui, gave ,123457,1674215676155,1674215552698,874,93,advantages,4524,26.0,412.0,456.0,2.0
7,9,1,cui, gave ,123457,1674215676155,1674215552698,893,92,advantages,4625,26.0,412.0,456.0,2.0
7,9,1,cui, gave ,123457,1674215676155,1674215552698,903,92,advantages,4723,26.0,412.0,456.0,2.0
7,9,1,cui, gave ,123457,1674215676155,1674215552698,903,92,advantages,4824,26.0,412.0,456.0,2.0
7,8,1,cui, father ,123457,1674215676155,1674215552698,869,97,advantages,4928,26.0,359.0,413.0,2.0
7,6,1,cui, years ,123457,1674215676155,1674215552698,768,98,advantages,5024,26.0,282.0,331.0,2.0
7,5,1,cui, vulnerable ,123457,1674215676155,1674215552698,716,84,advantages,5126,26.0,197.0,285.0,2.0
7,5,1,cui, vulnerable ,123457,1674215676155,1674215552698,716,84,advantages,5224,26.0,197.0,285.0,2.0
7,5,1,cui, vulnerable ,123457,1674215676155,1674215552698,716,84,advantages,5325,26.0,197.0,285.0,2.0
7,2,1,cui, younger ,123457,1674215676155,1674215552698,511,90,advantages,5424,26.0,48.0,118.0,2.0
7,1,1,cui, my ,123457,1674215676155,1674215552698,499,96,advantages,5524,26.0,19.0,48.0,2.0
7,1,1,cui, my ,123457,1674215676155,1674215552698,493,99,advantages,5624,26.0,19.0,48.0,2.0
7,11,1,cui, some ,123457,1674215676155,1674215552698,489,107,advantages,5724,53.0,0.0,49.0,29.0
7,11,1,cui, some ,123457,1674215676155,1674215552698,488,113,advantages,5824,53.0,0.0,49.0,29.0
7,11,1,cui, some ,123457,1674215676155,1674215552698,491,117,advantages,5926,53.0,0.0,49.0,29.0
7,11,1,cui, some ,123457,1674215676155,1674215552698,499,118,advantages,6024,53.0,0.0,49.0,29.0
7,12,1,cui, advice ,123457,1674215676155,1674215552698,513,120,advantages,6125,53.0,48.0,106.0,29.0
7,12,1,cui, advice ,123457,1674215676155,1674215552698,529,120,advantages,6223,53.0,48.0,106.0,29.0
7,12,1,cui, advice ,123457,1674215676155,1674215552698,551,119,advantages,6324,53.0,48.0,106.0,29.0
7,13,1,cui, that ,123457,1674215676155,1674215552698,577,115,advantages,6424,53.0,105.0,142.0,29.0
7,13,1,cui, that ,123457,1674215676155,1674215552698,602,113,advantages,6524,53.0,105.0,142.0,29.0
7,14,1,cui, I've ,123457,1674215676155,1674215552698,621,113,advantages,6624,53.0,141.0,174.0,29.0
7,15,1,cui, been ,123457,1674215676155,1674215552698,636,113,advantages,6728,53.0,173.0,218.0,29.0
7,15,1,cui, been ,123457,1674215676155,1674215552698,644,113,advantages,6824,53.0,173.0,218.0,29.0
7,15,1,cui, been ,123457,1674215676155,1674215552698,655,113,advantages,6925,53.0,173.0,218.0,29.0
7,15,1,cui, been ,123457,1674215676155,1674215552698,672,113,advantages,7024,53.0,173.0,218.0,29.0
7,16,1,cui, turning ,123457,1674215676155,1674215552698,705,115,advantages,7124,53.0,217.0,279.0,29.0
7,16,1,cui, turning ,123457,1674215676155,1674215552698,731,112,advantages,7223,53.0,217.0,279.0,29.0
7,17,1,cui, over ,123457,1674215676155,1674215552698,742,112,advantages,7324,53.0,278.0,318.0,29.0
7,17,1,cui, over ,123457,1674215676155,1674215552698,742,112,advantages,7424,53.0,278.0,318.0,29.0
7,17,1,cui, over ,123457,1674215676155,1674215552698,742,112,advantages,7524,53.0,278.0,318.0,29.0
7,17,1,cui, over ,123457,1674215676155,1674215552698,742,112,advantages,7622,53.0,278.0,318.0,29.0
7,17,1,cui, over ,123457,1674215676155,1674215552698,742,112,advantages,7730,53.0,278.0,318.0,29.0
7,17,1,cui, over ,123457,1674215676155,1674215552698,750,112,advantages,7824,53.0,278.0,318.0,29.0
7,18,1,cui, in ,123457,1674215676155,1674215552698,782,119,advantages,7925,53.0,317.0,337.0,29.0
7,19,1,cui, my ,123457,1674215676155,1674215552698,807,122,advantages,8024,53.0,337.0,366.0,29.0
7,20,1,cui, mind ,123457,1674215676155,1674215552698,830,123,advantages,8128,53.0,365.0,410.0,29.0
7,20,1,cui, mind ,123457,1674215676155,1674215552698,847,121,advantages,8224,53.0,365.0,410.0,29.0
7,20,1,cui, mind ,123457,1674215676155,1674215552698,865,119,advantages,8324,53.0,365.0,410.0,29.0
7,21,1,cui, ever ,123457,1674215676155,1674215552698,877,118,advantages,8424,53.0,409.0,449.0,29.0
7,21,1,cui, ever ,123457,1674215676155,1674215552698,900,117,advantages,8525,53.0,409.0,449.0,29.0
7,22,1,cui, since. ,123457,1674215676155,1674215552698,914,117,advantages,8624,53.0,448.0,495.0,29.0
7,22,1,cui, since. ,123457,1674215676155,1674215552698,932,117,advantages,8725,53.0,448.0,495.0,29.0
7,22,1,cui, since. ,123457,1674215676155,1674215552698,944,117,advantages,8824,53.0,448.0,495.0,29.0
7,22,1,cui, since. ,123457,1674215676155,1674215552698,946,117,advantages,8920,53.0,448.0,495.0,29.0
7,22,1,cui, since. ,123457,1674215676155,1674215552698,930,117,advantages,9023,53.0,448.0,495.0,29.0
7,19,1,cui, my ,123457,1674215676155,1674215552698,826,116,advantages,9127,53.0,337.0,366.0,29.0
7,27,1,cui, criticizing ,123457,1674215676155,1674215552698,706,130,advantages,9224,80.0,184.0,268.0,56.0
7,25,1,cui, feel ,123457,1674215676155,1674215552698,584,141,advantages,9327,80.0,117.0,153.0,56.0
7,35,1,cui, that ,123457,1674215676155,1674215552698,548,155,advantages,9424,107.0,85.0,122.0,83.0
7,34,1,cui, remember ,123457,1674215676155,1674215552698,523,162,advantages,9524,107.0,0.0,87.0,83.0
7,34,1,cui, remember ,123457,1674215676155,1674215552698,503,162,advantages,9625,107.0,0.0,87.0,83.0
7,34,1,cui, remember ,123457,1674215676155,1674215552698,484,157,advantages,9725,107.0,0.0,87.0,83.0
7,23,1,cui, Whenever ,123457,1674215676155,1674215552698,478,149,advantages,9824,80.0,0.0,85.0,56.0
7,23,1,cui, Whenever ,123457,1674215676155,1674215552698,479,144,advantages,9926,80.0,0.0,85.0,56.0
7,23,1,cui, Whenever ,123457,1674215676155,1674215552698,485,143,advantages,10024,80.0,0.0,85.0,56.0
7,23,1,cui, Whenever ,123457,1674215676155,1674215552698,501,144,advantages,10124,80.0,0.0,85.0,56.0
7,23,1,cui, Whenever ,123457,1674215676155,1674215552698,534,145,advantages,10224,80.0,0.0,85.0,56.0
7,24,1,cui, you ,123457,1674215676155,1674215552698,562,143,advantages,10324,80.0,83.0,117.0,56.0
7,25,1,cui, feel ,123457,1674215676155,1674215552698,589,145,advantages,10424,80.0,117.0,153.0,56.0
7,26,1,cui, like ,123457,1674215676155,1674215552698,618,140,advantages,10527,80.0,152.0,185.0,56.0
7,26,1,cui, like ,123457,1674215676155,1674215552698,646,140,advantages,10624,80.0,152.0,185.0,56.0
7,27,1,cui, criticizing ,123457,1674215676155,1674215552698,678,141,advantages,10725,80.0,184.0,268.0,56.0
7,27,1,cui, criticizing ,123457,1674215676155,1674215552698,696,141,advantages,10824,80.0,184.0,268.0,56.0
7,28,1,cui," anyone, ",123457,1674215676155,1674215552698,733,135,advantages,10928,80.0,266.0,334.0,56.0
7,28,1,cui," anyone, ",123457,1674215676155,1674215552698,751,131,advantages,11024,80.0,266.0,334.0,56.0
7,28,1,cui," anyone, ",123457,1674215676155,1674215552698,751,130,advantages,11124,80.0,266.0,334.0,56.0
7,28,1,cui," anyone, ",123457,1674215676155,1674215552698,751,130,advantages,11222,80.0,266.0,334.0,56.0
7,28,1,cui," anyone, ",123457,1674215676155,1674215552698,751,130,advantages,11326,80.0,266.0,334.0,56.0
7,28,1,cui," anyone, ",123457,1674215676155,1674215552698,751,130,advantages,11422,80.0,266.0,334.0,56.0
7,28,1,cui," anyone, ",123457,1674215676155,1674215552698,759,134,advantages,11526,80.0,266.0,334.0,56.0
7,28,1,cui," anyone, ",123457,1674215676155,1674215552698,775,138,advantages,11624,80.0,266.0,334.0,56.0
7,28,1,cui," anyone, ",123457,1674215676155,1674215552698,793,140,advantages,11723,80.0,266.0,334.0,56.0
7,29,1,cui, he ,123457,1674215676155,1674215552698,809,140,advantages,11823,80.0,332.0,357.0,56.0
7,30,1,cui, told ,123457,1674215676155,1674215552698,840,136,advantages,11925,80.0,357.0,393.0,56.0
7,31,1,cui, me ,123457,1674215676155,1674215552698,855,136,advantages,12023,80.0,392.0,422.0,56.0
7,31,1,cui, me ,123457,1674215676155,1674215552698,869,137,advantages,12123,80.0,392.0,422.0,56.0
7,31,1,cui, me ,123457,1674215676155,1674215552698,883,140,advantages,12224,80.0,392.0,422.0,56.0
7,32,1,cui," had, ",123457,1674215676155,1674215552698,885,140,advantages,12330,80.0,422.0,462.0,56.0
7,32,1,cui," had, ",123457,1674215676155,1674215552698,885,140,advantages,12422,80.0,422.0,462.0,56.0
7,32,1,cui," had, ",123457,1674215676155,1674215552698,885,140,advantages,12530,80.0,422.0,462.0,56.0
7,32,1,cui," had, ",123457,1674215676155,1674215552698,899,142,advantages,12624,80.0,422.0,462.0,56.0
7,33,1,cui, 'just ,123457,1674215676155,1674215552698,928,147,advantages,12724,80.0,461.0,495.0,56.0
7,33,1,cui, 'just ,123457,1674215676155,1674215552698,937,151,advantages,12823,80.0,461.0,495.0,56.0
7,33,1,cui, 'just ,123457,1674215676155,1674215552698,922,158,advantages,12925,80.0,461.0,495.0,56.0
7,41,1,cui, world ,123457,1674215676155,1674215552698,797,175,advantages,13025,107.0,288.0,338.0,83.0
7,46,1,cui, that ,123457,1674215676155,1674215552698,573,193,advantages,13124,134.0,96.0,133.0,110.0
7,45,1,cui, advantages ,123457,1674215676155,1674215552698,516,208,advantages,13224,134.0,0.0,98.0,110.0
7,45,1,cui, advantages ,123457,1674215676155,1674215552698,497,205,advantages,13324,134.0,0.0,98.0,110.0
7,45,1,cui, advantages ,123457,1674215676155,1674215552698,497,185,advantages,13424,134.0,0.0,98.0,110.0
7,34,1,cui, remember ,123457,1674215676155,1674215552698,503,171,advantages,13523,107.0,0.0,87.0,83.0
7,34,1,cui, remember ,123457,1674215676155,1674215552698,509,165,advantages,13623,107.0,0.0,87.0,83.0
7,34,1,cui, remember ,123457,1674215676155,1674215552698,514,164,advantages,13725,107.0,0.0,87.0,83.0
7,34,1,cui, remember ,123457,1674215676155,1674215552698,528,164,advantages,13823,107.0,0.0,87.0,83.0
7,35,1,cui, that ,123457,1674215676155,1674215552698,575,163,advantages,13924,107.0,85.0,122.0,83.0
7,37,1,cui, the ,123457,1674215676155,1674215552698,610,160,advantages,14023,107.0,145.0,176.0,83.0
7,38,1,cui, people ,123457,1674215676155,1674215552698,640,160,advantages,14122,107.0,176.0,236.0,83.0
7,38,1,cui, people ,123457,1674215676155,1674215552698,667,160,advantages,14223,107.0,176.0,236.0,83.0
7,39,1,cui, in ,123457,1674215676155,1674215552698,698,161,advantages,14324,107.0,234.0,254.0,83.0
7,39,1,cui, in ,123457,1674215676155,1674215552698,709,161,advantages,14423,107.0,234.0,254.0,83.0
7,39,1,cui, in ,123457,1674215676155,1674215552698,709,161,advantages,14530,107.0,234.0,254.0,83.0
7,39,1,cui, in ,123457,1674215676155,1674215552698,709,161,advantages,14625,107.0,234.0,254.0,83.0
7,39,1,cui, in ,123457,1674215676155,1674215552698,709,161,advantages,14728,107.0,234.0,254.0,83.0
7,40,1,cui, this ,123457,1674215676155,1674215552698,718,161,advantages,14823,107.0,254.0,289.0,83.0
7,41,1,cui, world ,123457,1674215676155,1674215552698,755,165,advantages,14927,107.0,288.0,338.0,83.0
7,41,1,cui, world ,123457,1674215676155,1674215552698,789,165,advantages,15023,107.0,288.0,338.0,83.0
7,42,1,cui, haven't ,123457,1674215676155,1674215552698,812,164,advantages,15123,107.0,336.0,400.0,83.0
7,42,1,cui, haven't ,123457,1674215676155,1674215552698,812,164,advantages,15224,107.0,336.0,400.0,83.0
7,42,1,cui, haven't ,123457,1674215676155,1674215552698,812,164,advantages,15326,107.0,336.0,400.0,83.0
7,42,1,cui, haven't ,123457,1674215676155,1674215552698,812,164,advantages,15424,107.0,336.0,400.0,83.0
7,42,1,cui, haven't ,123457,1674215676155,1674215552698,826,164,advantages,15523,107.0,336.0,400.0,83.0
7,43,1,cui, had ,123457,1674215676155,1674215552698,873,164,advantages,15626,107.0,398.0,433.0,83.0
7,43,1,cui, had ,123457,1674215676155,1674215552698,889,167,advantages,15723,107.0,398.0,433.0,83.0
7,44,1,cui, the ,123457,1674215676155,1674215552698,902,167,advantages,15823,107.0,433.0,458.0,83.0
7,44,1,cui, the ,123457,1674215676155,1674215552698,906,167,advantages,15925,107.0,433.0,458.0,83.0
7,43,1,cui, had ,123457,1674215676155,1674215552698,872,170,advantages,16023,107.0,398.0,433.0,83.0
7,42,1,cui, haven't ,123457,1674215676155,1674215552698,749,198,advantages,16124,107.0,336.0,400.0,83.0
7,42,1,cui, haven't ,123457,1674215676155,1674215552698,731,204,advantages,16223,107.0,336.0,400.0,83.0
7,42,1,cui, haven't ,123457,1674215676155,1674215552698,731,204,advantages,16324,107.0,336.0,400.0,83.0
7,42,1,cui, haven't ,123457,1674215676155,1674215552698,731,204,advantages,16424,107.0,336.0,400.0,83.0
7,42,1,cui, haven't ,123457,1674215676155,1674215552698,541,207,advantages,16525,107.0,336.0,400.0,83.0
7,45,1,cui, advantages ,123457,1674215676155,1674215552698,520,202,advantages,16623,134.0,0.0,98.0,110.0
7,45,1,cui, advantages ,123457,1674215676155,1674215552698,515,199,advantages,16726,134.0,0.0,98.0,110.0
7,45,1,cui, advantages ,123457,1674215676155,1674215552698,514,198,advantages,16824,134.0,0.0,98.0,110.0
7,45,1,cui, advantages ,123457,1674215676155,1674215552698,515,197,advantages,16924,134.0,0.0,98.0,110.0
7,45,1,cui, advantages ,123457,1674215676155,1674215552698,530,195,advantages,17023,134.0,0.0,98.0,110.0
7,46,1,cui, that ,123457,1674215676155,1674215552698,564,193,advantages,17125,134.0,96.0,133.0,110.0
7,46,1,cui, that ,123457,1674215676155,1674215552698,592,192,advantages,17223,134.0,96.0,133.0,110.0
7,47,1,cui, you've ,123457,1674215676155,1674215552698,608,192,advantages,17325,134.0,133.0,190.0,110.0
7,47,1,cui, you've ,123457,1674215676155,1674215552698,627,191,advantages,17423,134.0,133.0,190.0,110.0
7,48,1,cui, had. ,123457,1674215676155,1674215552698,655,196,advantages,17524,134.0,188.0,222.0,110.0
7,48,1,cui, had. ,123457,1674215676155,1674215552698,665,202,advantages,17623,134.0,188.0,222.0,110.0
7,48,1,cui, had. ,123457,1674215676155,1674215552698,665,202,advantages,17725,134.0,188.0,222.0,110.0
7,48,1,cui, had. ,123457,1674215676155,1674215552698,665,202,advantages,17824,134.0,188.0,222.0,110.0
7,48,1,cui, had. ,123457,1674215676155,1674215552698,665,202,advantages,17925,134.0,188.0,222.0,110.0
7,48,1,cui, had. ,123457,1674215676155,1674215552698,665,202,advantages,18023,134.0,188.0,222.0,110.0
7,48,1,cui, had. ,123457,1674215676155,1674215552698,665,202,advantages,18126,134.0,188.0,222.0,110.0
7,48,1,cui, had. ,123457,1674215676155,1674215552698,665,202,advantages,18223,134.0,188.0,222.0,110.0
7,48,1,cui, had. ,123457,1674215676155,1674215552698,665,202,advantages,18324,134.0,188.0,222.0,110.0
7,48,1,cui, had. ,123457,1674215676155,1674215552698,665,202,advantages,18422,134.0,188.0,222.0,110.0
7,48,1,cui, had. ,123457,1674215676155,1674215552698,665,202,advantages,18528,134.0,188.0,222.0,110.0
7,48,1,cui, had. ,123457,1674215676155,1674215552698,665,202,advantages,18623,134.0,188.0,222.0,110.0
7,48,1,cui, had. ,123457,1674215676155,1674215552698,665,202,advantages,18725,134.0,188.0,222.0,110.0
7,48,1,cui, had. ,123457,1674215676155,1674215552698,665,202,advantages,18823,134.0,188.0,222.0,110.0
7,48,1,cui, had. ,123457,1674215676155,1674215552698,665,202,advantages,18924,134.0,188.0,222.0,110.0
7,48,1,cui, had. ,123457,1674215676155,1674215552698,665,202,advantages,19023,134.0,188.0,222.0,110.0
7,48,1,cui, had. ,123457,1674215676155,1674215552698,665,202,advantages,19130,134.0,188.0,222.0,110.0
7,48,1,cui, had. ,123457,1674215676155,1674215552698,665,202,advantages,19222,134.0,188.0,222.0,110.0
7,48,1,cui, had. ,123457,1674215676155,1674215552698,665,202,advantages,19325,134.0,188.0,222.0,110.0
7,48,1,cui, had. ,123457,1674215676155,1674215552698,665,202,advantages,19424,134.0,188.0,222.0,110.0
7,48,1,cui, had. ,123457,1674215676155,1674215552698,665,202,advantages,19525,134.0,188.0,222.0,110.0
7,48,1,cui, had. ,123457,1674215676155,1674215552698,665,202,advantages,19623,134.0,188.0,222.0,110.0
7,48,1,cui, had. ,123457,1674215676155,1674215552698,665,202,advantages,19726,134.0,188.0,222.0,110.0
7,48,1,cui, had. ,123457,1674215676155,1674215552698,665,202,advantages,19823,134.0,188.0,222.0,110.0
7,48,1,cui, had. ,123457,1674215676155,1674215552698,665,202,advantages,19927,134.0,188.0,222.0,110.0
7,48,1,cui, had. ,123457,1674215676155,1674215552698,665,202,advantages,20025,134.0,188.0,222.0,110.0
7,48,1,cui, had. ,123457,1674215676155,1674215552698,665,202,advantages,20125,134.0,188.0,222.0,110.0
7,48,1,cui, had. ,123457,1674215676155,1674215552698,665,202,advantages,20223,134.0,188.0,222.0,110.0
7,48,1,cui, had. ,123457,1674215676155,1674215552698,665,202,advantages,20324,134.0,188.0,222.0,110.0
7,48,1,cui, had. ,123457,1674215676155,1674215552698,665,202,advantages,20424,134.0,188.0,222.0,110.0
7,48,1,cui, had. ,123457,1674215676155,1674215552698,665,202,advantages,20525,134.0,188.0,222.0,110.0
7,48,1,cui, had. ,123457,1674215676155,1674215552698,665,202,advantages,20623,134.0,188.0,222.0,110.0
7,48,1,cui, had. ,123457,1674215676155,1674215552698,665,202,advantages,20724,134.0,188.0,222.0,110.0
7,48,1,cui, had. ,123457,1674215676155,1674215552698,665,202,advantages,20823,134.0,188.0,222.0,110.0
7,48,1,cui, had. ,123457,1674215676155,1674215552698,665,202,advantages,20926,134.0,188.0,222.0,110.0
7,48,1,cui, had. ,123457,1674215676155,1674215552698,665,202,advantages,21023,134.0,188.0,222.0,110.0
7,-1,1,cui,,123457,1674215676155,1674215552698,700,500,advantages,21066,,,,
7,0,2,cui, Neighbours ,123457,1674215676155,1674215552698,479,96,Boo,1258,26.0,0.0,97.0,2.0
7,0,2,cui, Neighbours ,123457,1674215676155,1674215552698,491,90,Boo,1357,26.0,0.0,97.0,2.0
7,0,2,cui, Neighbours ,123457,1674215676155,1674215552698,491,90,Boo,1458,26.0,0.0,97.0,2.0
7,0,2,cui, Neighbours ,123457,1674215676155,1674215552698,491,90,Boo,1557,26.0,0.0,97.0,2.0
7,0,2,cui, Neighbours ,123457,1674215676155,1674215552698,491,90,Boo,1657,26.0,0.0,97.0,2.0
7,0,2,cui, Neighbours ,123457,1674215676155,1674215552698,491,90,Boo,1757,26.0,0.0,97.0,2.0
7,0,2,cui, Neighbours ,123457,1674215676155,1674215552698,513,88,Boo,1859,26.0,0.0,97.0,2.0
7,0,2,cui, Neighbours ,123457,1674215676155,1674215552698,535,87,Boo,1957,26.0,0.0,97.0,2.0
7,1,2,cui, bring ,123457,1674215676155,1674215552698,560,87,Boo,2057,26.0,95.0,142.0,2.0
7,1,2,cui, bring ,123457,1674215676155,1674215552698,585,87,Boo,2157,26.0,95.0,142.0,2.0
7,1,2,cui, bring ,123457,1674215676155,1674215552698,591,86,Boo,2262,26.0,95.0,142.0,2.0
7,1,2,cui, bring ,123457,1674215676155,1674215552698,591,86,Boo,2359,26.0,95.0,142.0,2.0
7,1,2,cui, bring ,123457,1674215676155,1674215552698,591,86,Boo,2459,26.0,95.0,142.0,2.0
7,1,2,cui, bring ,123457,1674215676155,1674215552698,596,86,Boo,2557,26.0,95.0,142.0,2.0
7,3,2,cui, with ,123457,1674215676155,1674215552698,657,84,Boo,2657,26.0,183.0,222.0,2.0
7,4,2,cui, death ,123457,1674215676155,1674215552698,694,82,Boo,2755,26.0,221.0,272.0,2.0
7,4,2,cui, death ,123457,1674215676155,1674215552698,698,80,Boo,2858,26.0,221.0,272.0,2.0
7,4,2,cui, death ,123457,1674215676155,1674215552698,698,80,Boo,2958,26.0,221.0,272.0,2.0
7,4,2,cui, death ,123457,1674215676155,1674215552698,698,80,Boo,3058,26.0,221.0,272.0,2.0
7,4,2,cui, death ,123457,1674215676155,1674215552698,705,81,Boo,3157,26.0,221.0,272.0,2.0
7,5,2,cui, and ,123457,1674215676155,1674215552698,763,85,Boo,3259,26.0,271.0,306.0,2.0
7,5,2,cui, and ,123457,1674215676155,1674215552698,767,83,Boo,3357,26.0,271.0,306.0,2.0
7,5,2,cui, and ,123457,1674215676155,1674215552698,767,83,Boo,3460,26.0,271.0,306.0,2.0
7,5,2,cui, and ,123457,1674215676155,1674215552698,767,83,Boo,3559,26.0,271.0,306.0,2.0
7,5,2,cui, and ,123457,1674215676155,1674215552698,767,83,Boo,3660,26.0,271.0,306.0,2.0
7,6,2,cui, flowers ,123457,1674215676155,1674215552698,787,84,Boo,3757,26.0,306.0,370.0,2.0
7,6,2,cui, flowers ,123457,1674215676155,1674215552698,827,83,Boo,3858,26.0,306.0,370.0,2.0
7,6,2,cui, flowers ,123457,1674215676155,1674215552698,829,83,Boo,3958,26.0,306.0,370.0,2.0
7,6,2,cui, flowers ,123457,1674215676155,1674215552698,829,83,Boo,4063,26.0,306.0,370.0,2.0
7,6,2,cui, flowers ,123457,1674215676155,1674215552698,829,83,Boo,4159,26.0,306.0,370.0,2.0
7,7,2,cui, with ,123457,1674215676155,1674215552698,847,83,Boo,4257,26.0,369.0,408.0,2.0
7,8,2,cui, sickness ,123457,1674215676155,1674215552698,900,82,Boo,4356,26.0,407.0,482.0,2.0
7,8,2,cui, sickness ,123457,1674215676155,1674215552698,907,82,Boo,4458,26.0,407.0,482.0,2.0
7,8,2,cui, sickness ,123457,1674215676155,1674215552698,907,82,Boo,4555,26.0,407.0,482.0,2.0
7,8,2,cui, sickness ,123457,1674215676155,1674215552698,909,82,Boo,4658,26.0,407.0,482.0,2.0
7,9,2,cui, and ,123457,1674215676155,1674215552698,945,82,Boo,4756,26.0,480.0,510.0,2.0
7,9,2,cui, and ,123457,1674215676155,1674215552698,956,84,Boo,4860,26.0,480.0,510.0,2.0
7,8,2,cui, sickness ,123457,1674215676155,1674215552698,930,90,Boo,4957,26.0,407.0,482.0,2.0
7,17,2,cui, neighbour. ,123457,1674215676155,1674215552698,824,112,Boo,5057,53.0,295.0,386.0,29.0
7,27,2,cui, and ,123457,1674215676155,1674215552698,706,128,Boo,5156,80.0,218.0,253.0,56.0
7,13,2,cui, between. ,123457,1674215676155,1674215552698,640,121,Boo,5257,53.0,113.0,191.0,29.0
7,13,2,cui, between. ,123457,1674215676155,1674215552698,612,114,Boo,5357,53.0,113.0,191.0,29.0
7,13,2,cui, between. ,123457,1674215676155,1674215552698,596,113,Boo,5457,53.0,113.0,191.0,29.0
7,13,2,cui, between. ,123457,1674215676155,1674215552698,596,113,Boo,5555,53.0,113.0,191.0,29.0
7,13,2,cui, between. ,123457,1674215676155,1674215552698,596,113,Boo,5663,53.0,113.0,191.0,29.0
7,11,2,cui, things ,123457,1674215676155,1674215552698,553,120,Boo,5757,53.0,40.0,95.0,29.0
7,11,2,cui, things ,123457,1674215676155,1674215552698,505,126,Boo,5857,53.0,40.0,95.0,29.0
7,11,2,cui, things ,123457,1674215676155,1674215552698,498,126,Boo,5957,53.0,40.0,95.0,29.0
7,10,2,cui, little ,123457,1674215676155,1674215552698,493,124,Boo,6057,53.0,0.0,41.0,29.0
7,10,2,cui, little ,123457,1674215676155,1674215552698,495,121,Boo,6156,53.0,0.0,41.0,29.0
7,11,2,cui, things ,123457,1674215676155,1674215552698,522,122,Boo,6257,53.0,40.0,95.0,29.0
7,11,2,cui, things ,123457,1674215676155,1674215552698,566,127,Boo,6357,53.0,40.0,95.0,29.0
7,25,2,cui, broken ,123457,1674215676155,1674215552698,598,131,Boo,6459,80.0,105.0,166.0,56.0
7,13,2,cui, between. ,123457,1674215676155,1674215552698,619,125,Boo,6554,53.0,113.0,191.0,29.0
7,13,2,cui, between. ,123457,1674215676155,1674215552698,619,125,Boo,6658,53.0,113.0,191.0,29.0
7,13,2,cui, between. ,123457,1674215676155,1674215552698,619,125,Boo,6757,53.0,113.0,191.0,29.0
7,13,2,cui, between. ,123457,1674215676155,1674215552698,630,123,Boo,6857,53.0,113.0,191.0,29.0
7,14,2,cui, Boo ,123457,1674215676155,1674215552698,684,113,Boo,6957,53.0,189.0,227.0,29.0
7,15,2,cui, was ,123457,1674215676155,1674215552698,711,112,Boo,7058,53.0,227.0,264.0,29.0
7,15,2,cui, was ,123457,1674215676155,1674215552698,712,112,Boo,7156,53.0,227.0,264.0,29.0
7,15,2,cui, was ,123457,1674215676155,1674215552698,712,112,Boo,7257,53.0,227.0,264.0,29.0
7,15,2,cui, was ,123457,1674215676155,1674215552698,719,112,Boo,7357,53.0,227.0,264.0,29.0
7,17,2,cui, neighbour. ,123457,1674215676155,1674215552698,782,106,Boo,7458,53.0,295.0,386.0,29.0
7,17,2,cui, neighbour. ,123457,1674215676155,1674215552698,807,110,Boo,7556,53.0,295.0,386.0,29.0
7,17,2,cui, neighbour. ,123457,1674215676155,1674215552698,807,110,Boo,7663,53.0,295.0,386.0,29.0
7,17,2,cui, neighbour. ,123457,1674215676155,1674215552698,807,110,Boo,7758,53.0,295.0,386.0,29.0
7,18,2,cui, He ,123457,1674215676155,1674215552698,851,112,Boo,7857,53.0,383.0,411.0,29.0
7,19,2,cui, gave ,123457,1674215676155,1674215552698,887,115,Boo,7956,53.0,410.0,454.0,29.0
7,19,2,cui, gave ,123457,1674215676155,1674215552698,906,119,Boo,8058,53.0,410.0,454.0,29.0
7,20,2,cui, us ,123457,1674215676155,1674215552698,923,119,Boo,8157,53.0,453.0,477.0,29.0
7,20,2,cui, us ,123457,1674215676155,1674215552698,930,119,Boo,8257,53.0,453.0,477.0,29.0
7,20,2,cui, us ,123457,1674215676155,1674215552698,926,122,Boo,8357,53.0,453.0,477.0,29.0
7,31,2,cui, of ,123457,1674215676155,1674215552698,832,130,Boo,8457,80.0,356.0,378.0,56.0
7,27,2,cui, and ,123457,1674215676155,1674215552698,701,137,Boo,8557,80.0,218.0,253.0,56.0
7,25,2,cui, broken ,123457,1674215676155,1674215552698,598,151,Boo,8658,80.0,105.0,166.0,56.0
7,24,2,cui, a ,123457,1674215676155,1674215552698,553,151,Boo,8757,80.0,90.0,105.0,56.0
7,23,2,cui," dolls, ",123457,1674215676155,1674215552698,534,150,Boo,8858,80.0,44.0,92.0,56.0
7,23,2,cui," dolls, ",123457,1674215676155,1674215552698,527,149,Boo,8957,80.0,44.0,92.0,56.0
7,23,2,cui," dolls, ",123457,1674215676155,1674215552698,521,149,Boo,9057,80.0,44.0,92.0,56.0
7,23,2,cui," dolls, ",123457,1674215676155,1674215552698,524,149,Boo,9157,80.0,44.0,92.0,56.0
7,24,2,cui, a ,123457,1674215676155,1674215552698,563,148,Boo,9257,80.0,90.0,105.0,56.0
7,25,2,cui, broken ,123457,1674215676155,1674215552698,620,143,Boo,9358,80.0,105.0,166.0,56.0
7,26,2,cui, watch ,123457,1674215676155,1674215552698,652,152,Boo,9457,80.0,165.0,219.0,56.0
7,26,2,cui, watch ,123457,1674215676155,1674215552698,691,153,Boo,9557,80.0,165.0,219.0,56.0
7,28,2,cui," chain, ",123457,1674215676155,1674215552698,740,142,Boo,9657,80.0,253.0,307.0,56.0
7,29,2,cui, a ,123457,1674215676155,1674215552698,777,140,Boo,9757,80.0,305.0,320.0,56.0
7,30,2,cui, pair ,123457,1674215676155,1674215552698,805,138,Boo,9859,80.0,320.0,356.0,56.0
7,31,2,cui, of ,123457,1674215676155,1674215552698,835,138,Boo,9958,80.0,356.0,378.0,56.0
7,32,2,cui, good ,123457,1674215676155,1674215552698,851,140,Boo,10058,80.0,378.0,424.0,56.0
7,32,2,cui, good ,123457,1674215676155,1674215552698,860,141,Boo,10158,80.0,378.0,424.0,56.0
7,32,2,cui, good ,123457,1674215676155,1674215552698,865,140,Boo,10257,80.0,378.0,424.0,56.0
7,32,2,cui, good ,123457,1674215676155,1674215552698,865,140,Boo,10357,80.0,378.0,424.0,56.0
7,32,2,cui, good ,123457,1674215676155,1674215552698,865,141,Boo,10457,80.0,378.0,424.0,56.0
7,32,2,cui, good ,123457,1674215676155,1674215552698,860,142,Boo,10558,80.0,378.0,424.0,56.0
7,31,2,cui, of ,123457,1674215676155,1674215552698,831,142,Boo,10656,80.0,356.0,378.0,56.0
7,29,2,cui, a ,123457,1674215676155,1674215552698,777,145,Boo,10757,80.0,305.0,320.0,56.0
7,28,2,cui," chain, ",123457,1674215676155,1674215552698,716,148,Boo,10857,80.0,253.0,307.0,56.0
7,37,2,cui, lives. ,123457,1674215676155,1674215552698,613,160,Boo,10960,107.0,137.0,177.0,83.0
7,35,2,cui, and ,123457,1674215676155,1674215552698,545,167,Boo,11058,107.0,71.0,106.0,83.0
7,34,2,cui," pennies, ",123457,1674215676155,1674215552698,518,167,Boo,11157,107.0,0.0,73.0,83.0
7,34,2,cui," pennies, ",123457,1674215676155,1674215552698,505,165,Boo,11256,107.0,0.0,73.0,83.0
7,34,2,cui," pennies, ",123457,1674215676155,1674215552698,496,165,Boo,11357,107.0,0.0,73.0,83.0
7,34,2,cui," pennies, ",123457,1674215676155,1674215552698,494,169,Boo,11456,107.0,0.0,73.0,83.0
7,34,2,cui," pennies, ",123457,1674215676155,1674215552698,501,171,Boo,11556,107.0,0.0,73.0,83.0
7,35,2,cui, and ,123457,1674215676155,1674215552698,536,168,Boo,11657,107.0,71.0,106.0,83.0
7,36,2,cui, our ,123457,1674215676155,1674215552698,596,161,Boo,11757,107.0,106.0,138.0,83.0
7,37,2,cui, lives. ,123457,1674215676155,1674215552698,616,163,Boo,11857,107.0,137.0,177.0,83.0
7,37,2,cui, lives. ,123457,1674215676155,1674215552698,627,165,Boo,11957,107.0,137.0,177.0,83.0
7,37,2,cui, lives. ,123457,1674215676155,1674215552698,631,165,Boo,12055,107.0,137.0,177.0,83.0
7,37,2,cui, lives. ,123457,1674215676155,1674215552698,633,165,Boo,12154,107.0,137.0,177.0,83.0
7,37,2,cui, lives. ,123457,1674215676155,1674215552698,633,165,Boo,12258,107.0,137.0,177.0,83.0
7,37,2,cui, lives. ,123457,1674215676155,1674215552698,633,165,Boo,12356,107.0,137.0,177.0,83.0
7,37,2,cui, lives. ,123457,1674215676155,1674215552698,633,165,Boo,12462,107.0,137.0,177.0,83.0
7,37,2,cui, lives. ,123457,1674215676155,1674215552698,633,165,Boo,12556,107.0,137.0,177.0,83.0
7,37,2,cui, lives. ,123457,1674215676155,1674215552698,639,175,Boo,12656,107.0,137.0,177.0,83.0
7,37,2,cui, lives. ,123457,1674215676155,1674215552698,639,175,Boo,12757,107.0,137.0,177.0,83.0
7,37,2,cui, lives. ,123457,1674215676155,1674215552698,639,175,Boo,12857,107.0,137.0,177.0,83.0
7,37,2,cui, lives. ,123457,1674215676155,1674215552698,639,175,Boo,12957,107.0,137.0,177.0,83.0
7,37,2,cui, lives. ,123457,1674215676155,1674215552698,639,175,Boo,13057,107.0,137.0,177.0,83.0
7,37,2,cui, lives. ,123457,1674215676155,1674215552698,639,175,Boo,13156,107.0,137.0,177.0,83.0
7,37,2,cui, lives. ,123457,1674215676155,1674215552698,639,175,Boo,13257,107.0,137.0,177.0,83.0
7,37,2,cui, lives. ,123457,1674215676155,1674215552698,639,175,Boo,13356,107.0,137.0,177.0,83.0
7,37,2,cui, lives. ,123457,1674215676155,1674215552698,639,175,Boo,13463,107.0,137.0,177.0,83.0
7,37,2,cui, lives. ,123457,1674215676155,1674215552698,639,175,Boo,13555,107.0,137.0,177.0,83.0
7,37,2,cui, lives. ,123457,1674215676155,1674215552698,639,175,Boo,13663,107.0,137.0,177.0,83.0
7,37,2,cui, lives. ,123457,1674215676155,1674215552698,639,175,Boo,13759,107.0,137.0,177.0,83.0
7,37,2,cui, lives. ,123457,1674215676155,1674215552698,639,175,Boo,13860,107.0,137.0,177.0,83.0
7,37,2,cui, lives. ,123457,1674215676155,1674215552698,639,175,Boo,13957,107.0,137.0,177.0,83.0
7,37,2,cui, lives. ,123457,1674215676155,1674215552698,639,175,Boo,14059,107.0,137.0,177.0,83.0
7,37,2,cui, lives. ,123457,1674215676155,1674215552698,639,175,Boo,14159,107.0,137.0,177.0,83.0
7,37,2,cui, lives. ,123457,1674215676155,1674215552698,639,175,Boo,14261,107.0,137.0,177.0,83.0
7,37,2,cui, lives. ,123457,1674215676155,1674215552698,639,175,Boo,14359,107.0,137.0,177.0,83.0
7,37,2,cui, lives. ,123457,1674215676155,1674215552698,639,175,Boo,14463,107.0,137.0,177.0,83.0
7,37,2,cui, lives. ,123457,1674215676155,1674215552698,639,175,Boo,14559,107.0,137.0,177.0,83.0
7,37,2,cui, lives. ,123457,1674215676155,1674215552698,639,175,Boo,14663,107.0,137.0,177.0,83.0
7,37,2,cui, lives. ,123457,1674215676155,1674215552698,639,175,Boo,14756,107.0,137.0,177.0,83.0
7,37,2,cui, lives. ,123457,1674215676155,1674215552698,639,175,Boo,14860,107.0,137.0,177.0,83.0
7,37,2,cui, lives. ,123457,1674215676155,1674215552698,639,175,Boo,14959,107.0,137.0,177.0,83.0
7,37,2,cui, lives. ,123457,1674215676155,1674215552698,639,175,Boo,15063,107.0,137.0,177.0,83.0
7,37,2,cui, lives. ,123457,1674215676155,1674215552698,639,175,Boo,15155,107.0,137.0,177.0,83.0
7,37,2,cui, lives. ,123457,1674215676155,1674215552698,639,175,Boo,15261,107.0,137.0,177.0,83.0
7,37,2,cui, lives. ,123457,1674215676155,1674215552698,639,175,Boo,15355,107.0,137.0,177.0,83.0
7,37,2,cui, lives. ,123457,1674215676155,1674215552698,639,175,Boo,15461,107.0,137.0,177.0,83.0
7,37,2,cui, lives. ,123457,1674215676155,1674215552698,639,175,Boo,15559,107.0,137.0,177.0,83.0
7,37,2,cui, lives. ,123457,1674215676155,1674215552698,639,175,Boo,15659,107.0,137.0,177.0,83.0
7,37,2,cui, lives. ,123457,1674215676155,1674215552698,639,175,Boo,15752,107.0,137.0,177.0,83.0
7,37,2,cui, lives. ,123457,1674215676155,1674215552698,639,175,Boo,15859,107.0,137.0,177.0,83.0
7,37,2,cui, lives. ,123457,1674215676155,1674215552698,639,175,Boo,15956,107.0,137.0,177.0,83.0
7,37,2,cui, lives. ,123457,1674215676155,1674215552698,639,175,Boo,16057,107.0,137.0,177.0,83.0
7,37,2,cui, lives. ,123457,1674215676155,1674215552698,639,175,Boo,16157,107.0,137.0,177.0,83.0
7,37,2,cui, lives. ,123457,1674215676155,1674215552698,639,175,Boo,16258,107.0,137.0,177.0,83.0
7,37,2,cui, lives. ,123457,1674215676155,1674215552698,639,175,Boo,16355,107.0,137.0,177.0,83.0
7,37,2,cui, lives. ,123457,1674215676155,1674215552698,639,175,Boo,16462,107.0,137.0,177.0,83.0
7,37,2,cui, lives. ,123457,1674215676155,1674215552698,639,175,Boo,16556,107.0,137.0,177.0,83.0
7,37,2,cui, lives. ,123457,1674215676155,1674215552698,639,175,Boo,16659,107.0,137.0,177.0,83.0
7,37,2,cui, lives. ,123457,1674215676155,1674215552698,639,175,Boo,16757,107.0,137.0,177.0,83.0
7,37,2,cui, lives. ,123457,1674215676155,1674215552698,639,175,Boo,16858,107.0,137.0,177.0,83.0
7,37,2,cui, lives. ,123457,1674215676155,1674215552698,639,175,Boo,16956,107.0,137.0,177.0,83.0
7,37,2,cui, lives. ,123457,1674215676155,1674215552698,639,175,Boo,17055,107.0,137.0,177.0,83.0
7,-1,2,cui,,123457,1674215676155,1674215552698,700,500,Boo,17100,,,,
